# OBJ generated by ONSHAPE BY PTC INC, 1.210 Units = meters
mtllib Tent.mtl
g Part 1
v 4.98446 4.98246 3.0097 
v 4.98046 4.97846 3.01141 
v 0.0275359 4.97846 3.0114 
v 0.0145914 4.99141 3.00595 
v 5.008 5.006 3 
v 4.99905 4.99705 3.00363 
v 0.0565734 4.94943 3.02413 
v 4.96971 4.96771 3.01602 
v 4.95482 4.95282 3.02258 
v 0.045503 4.9605 3.01918 
v 4.95143 4.94943 3.02412 
v 0.0297608 4.97624 3.01234 
v 0.0876384 4.91836 3.03844 
v 4.93978 4.93778 3.02939 
v 4.9246 4.9226 3.03642 
v 0.0786784 4.92732 3.03421 
v 4.92037 4.91837 3.03842 
v 0.0618115 4.94419 3.02647 
v 0.120682 4.88532 3.05436 
v 4.90927 4.90727 3.04368 
v 4.89382 4.89182 3.05115 
v 0.114048 4.89195 3.05109 
v 4.88732 4.88532 3.05436 
v 0.0960942 4.90991 3.04242 
v 0.155645 4.85036 3.07193 
v 4.87822 4.87622 3.05884 
v 4.8625 4.8605 3.06674 
v 0.151524 4.85448 3.06981 
v 4.85236 4.85036 3.07193 
v 0.132529 4.87347 3.06022 
v 0.192454 4.81355 3.09115 
v 4.84665 4.84465 3.07484 
v 4.83068 4.82868 3.08315 
v 0.190998 4.815 3.09037 
v 4.81555 4.81355 3.09114 
v 0.171018 4.83498 3.07986 
v 0.231028 4.77497 3.11203 
v 4.81459 4.81259 3.09165 
v 4.79837 4.79637 3.10035 
v 4.78204 4.78004 3.10924 
v 0.211448 4.79455 3.10133 
v 4.77697 4.77497 3.11204 
v 0.271269 4.73473 3.13456 
v 4.7656 4.7636 3.11832 
v 4.74904 4.74704 3.12758 
v 0.253692 4.75231 3.12462 
v 4.73673 4.73473 3.13456 
v 0.232351 4.77365 3.11275 
v 0.297618 4.70838 3.14968 
v 0.275454 4.73055 3.13693 
v 0.313065 4.69294 3.15872 
v 4.73237 4.73037 3.13703 
v 4.7156 4.7136 3.14666 
v 4.69872 4.69672 3.15647 
v 4.69494 4.69294 3.15869 
v 0.356295 4.64971 3.18443 
v 4.68174 4.67974 3.16646 
v 4.66465 4.66265 3.17662 
v 0.347677 4.65832 3.17922 
v 4.65171 4.64971 3.18441 
v 0.322557 4.68344 3.16427 
v 0.400846 4.60515 3.21168 
v 4.64747 4.64547 3.18696 
v 4.63019 4.62819 3.19748 
v 4.61282 4.61082 3.20816 
v 0.398412 4.60759 3.21016 
v 4.60715 4.60515 3.21169 
v 0.372966 4.63303 3.19452 
v 0.44661 4.55939 3.24046 
v 4.59535 4.59335 3.21902 
v 4.5778 4.5758 3.23004 
v 0.424004 4.582 3.22614 
v 4.56139 4.55939 3.24045 
v 0.493462 4.51254 3.2707 
v 4.54242 4.54042 3.25259 
v 4.5246 4.5226 3.26412 
v 4.56015 4.55815 3.24124 
v 0.475582 4.53042 3.25905 
v 4.51454 4.51254 3.27069 
v 0.449731 4.55627 3.24244 
v 0.541278 4.46472 3.30233 
v 4.48871 4.48671 3.28766 
v 4.47064 4.46864 3.29968 
v 4.50669 4.50469 3.27581 
v 0.527619 4.47838 3.29319 
v 4.46672 4.46472 3.30231 
v 0.501548 4.50445 3.27597 
v 0.589943 4.41606 3.3353 
v 4.4525 4.4505 3.31186 
v 4.43428 4.43228 3.3242 
v 0.580037 4.42596 3.3285 
v 4.41806 4.41606 3.33528 
v 0.553785 4.45222 3.3107 
v 0.639344 4.36666 3.36956 
v 4.39761 4.39561 3.34936 
v 4.37917 4.37717 3.36218 
v 4.41598 4.41398 3.3367 
v 0.632768 4.37323 3.36493 
v 4.36866 4.36666 3.36955 
v 0.606368 4.39963 3.34658 
v 0.689368 4.31663 3.40504 
v 4.34207 4.34007 3.3883 
v 4.32342 4.32142 3.40159 
v 4.36065 4.35865 3.37516 
v 0.685744 4.32026 3.40243 
v 4.31863 4.31663 3.40503 
v 0.659229 4.34677 3.38355 
v 0.739908 4.26609 3.44169 
v 4.30471 4.30271 3.41504 
v 4.28593 4.28393 3.42865 
v 0.738905 4.26709 3.44095 
v 4.26809 4.26609 3.44168 
v 0.712306 4.29369 3.42156 
v 0.790858 4.21514 3.47945 
v 4.24818 4.24618 3.45634 
v 4.22922 4.22722 3.47042 
v 4.26709 4.26509 3.44242 
v 0.765537 4.24046 3.46058 
v 4.21714 4.21514 3.47946 
v 0.842118 4.16388 3.51826 
v 4.19112 4.18912 3.49904 
v 4.17198 4.16998 3.51359 
v 4.2102 4.2082 3.48465 
v 0.818866 4.18713 3.50055 
v 4.16588 4.16388 3.51826 
v 0.792193 4.21381 3.48044 
v 0.890883 4.11512 3.55592 
v 0.864757 4.14124 3.53565 
v 0.845551 4.16045 3.52088 
v 0.893593 4.11241 3.55805 
v 4.15279 4.15079 3.52829 
v 4.13355 4.13155 3.54314 
v 4.1144 4.1124 3.55804 
v 0.94286 4.06314 3.59689 
v 4.07553 4.07353 3.58864 
v 4.06281 4.06081 3.59876 
v 4.11426 4.11226 3.55816 
v 4.09492 4.09292 3.57332 
v 0.94519 4.06081 3.59876 
v 0.916918 4.08908 3.57634 
v 0.99446 4.01154 3.6384 
v 4.01708 4.01508 3.63553 
v 4.01118 4.00918 3.64034 
v 4.05609 4.05409 3.60411 
v 4.03661 4.03461 3.61974 
v 0.996821 4.00918 3.64033 
v 0.968707 4.03729 3.61758 
v 1.04568 3.96032 3.68043 
v 3.96293 3.96093 3.67993 
v 3.9596 3.9576 3.6827 
v 1.0484 3.9576 3.6827 
v 1.02012 3.98588 3.65935 
v 3.98951 3.98751 3.65802 
v 3.90997 3.90797 3.72425 
v 3.90815 3.90615 3.7258 
v 1.09985 3.90615 3.72581 
v 1.09651 3.90949 3.72297 
v 1.07114 3.93486 3.70164 
v 3.93642 3.93442 3.70201 
v 3.85731 3.85531 3.76923 
v 1.14693 3.85907 3.766 
v 1.12177 3.88423 3.74442 
v 3.85691 3.85491 3.76959 
v 1.15109 3.85491 3.76959 
v 3.88361 3.88161 3.74666 
v 3.8311 3.8291 3.79196 
v 1.19696 3.80904 3.80951 
v 1.172 3.834 3.78769 
v 3.80595 3.80395 3.81399 
v 1.20205 3.80395 3.814 
v 3.77896 3.77696 3.83785 
v 1.24656 3.75944 3.85349 
v 1.22181 3.78419 3.83144 
v 3.75534 3.75334 3.85896 
v 1.25266 3.75334 3.85897 
v 3.80499 3.80299 3.81483 
v 3.72723 3.72523 3.88431 
v 1.29574 3.71026 3.89793 
v 1.2712 3.7348 3.87565 
v 3.70515 3.70315 3.90444 
v 1.30285 3.70315 3.90444 
v 3.75304 3.75104 3.86101 
v 3.67593 3.67393 3.9313 
v 1.34449 3.66151 3.94282 
v 1.32017 3.68583 3.92032 
v 3.65544 3.65344 3.95035 
v 1.35256 3.65344 3.95036 
v 3.70152 3.69952 3.90774 
v 3.62511 3.62311 3.97879 
v 1.39279 3.61321 3.98815 
v 1.36869 3.63731 3.96543 
v 3.60628 3.60428 3.99666 
v 1.40172 3.60428 3.99666 
v 3.65046 3.64846 3.95498 
v 3.5748 3.5728 4.02675 
v 1.44063 3.56537 4.03392 
v 1.41676 3.58924 4.01098 
v 3.55771 3.55571 4.04329 
v 1.45028 3.55572 4.04329 
v 3.59989 3.59789 4.00271 
v 3.52504 3.52304 4.07516 
v 1.48801 3.51799 4.08012 
v 1.46438 3.54162 4.05697 
v 3.50981 3.50781 4.0902 
v 1.49819 3.50781 4.0902 
v 3.54985 3.54785 4.0509 
v 3.47585 3.47385 4.12399 
v 1.5349 3.4711 4.12675 
v 1.51151 3.49449 4.10338 
v 3.46261 3.46061 4.13733 
v 1.54539 3.46061 4.13732 
v 3.50037 3.49837 4.09952 
v 3.42727 3.42527 4.1732 
v 1.58131 3.42469 4.17379 
v 1.55817 3.44783 4.15022 
v 3.41618 3.41418 4.18461 
v 1.59183 3.41417 4.18461 
v 3.45148 3.44948 4.14855 
v 3.37933 3.37733 4.22278 
v 1.62721 3.37879 4.22126 
v 1.60432 3.40168 4.19747 
v 3.37055 3.36855 4.23201 
v 1.63745 3.36855 4.23201 
v 3.40322 3.40122 4.19795 
v 3.33207 3.33007 4.2727 
v 1.67281 3.33319 4.26937 
v 1.65455 3.35145 4.24999 
v 1.64997 3.35603 4.24514 
v 3.32578 3.32378 4.27945 
v 1.68223 3.32377 4.27945 
v 3.35561 3.35361 4.2477 
v 3.28552 3.28352 4.32292 
v 1.70897 3.29703 4.30823 
v 1.69095 3.31505 4.28878 
v 3.2819 3.2799 4.32689 
v 1.72611 3.27989 4.32689 
v 3.3087 3.3067 4.29777 
v 3.23971 3.23771 4.37343 
v 1.74464 3.26136 4.34721 
v 1.72686 3.27914 4.32771 
v 1.76229 3.24371 4.36675 
v 3.23897 3.23697 4.37427 
v 1.76902 3.23698 4.37428 
v 3.26252 3.26052 4.34814 
v 3.2171 3.2151 4.39879 
v 1.79721 3.20879 4.40591 
v 1.77981 3.22619 4.38632 
v 3.19703 3.19503 4.42154 
v 1.81097 3.19503 4.42154 
v 3.17247 3.17047 4.44968 
v 1.83163 3.17437 4.44518 
v 1.81448 3.19152 4.42553 
v 1.84865 3.15735 4.46486 
v 3.15611 3.15411 4.46865 
v 1.8519 3.1541 4.46865 
v 3.19468 3.19268 4.4242 
v 3.12867 3.12667 4.50079 
v 1.8823 3.1237 4.50429 
v 1.86554 3.14046 4.48456 
v 3.11625 3.11425 4.51554 
v 1.89176 3.11424 4.51553 
v 3.15046 3.14846 4.47521 
v 3.08573 3.08373 4.55209 
v 1.91542 3.09058 4.54383 
v 1.89893 3.10707 4.52405 
v 3.07747 3.07547 4.56214 
v 1.93055 3.07545 4.56214 
v 3.10709 3.10509 4.52642 
v 3.04808 3.04608 4.59814 
v 1.94801 3.05799 4.58347 
v 1.93179 3.07421 4.56364 
v 1.96411 3.04189 4.60332 
v 3.03981 3.03781 4.60842 
v 1.96819 3.03781 4.60842 
v 3.06676 3.06476 4.57517 
v 3.01164 3.00964 4.64371 
v 1.99588 3.01012 4.64311 
v 1.98006 3.02594 4.6232 
v 3.00331 3.00131 4.65432 
v 2.0047 3.0013 4.65432 
v 3.02971 3.02771 4.62099 
v 2.97643 2.97443 4.68877 
v 2.02709 2.97891 4.68299 
v 2.01155 2.99445 4.66304 
v 2.96798 2.96598 4.69978 
v 2.04003 2.96597 4.69978 
v 2.99388 2.99188 4.66631 
v 2.94247 2.94047 4.73327 
v 2.05773 2.94827 4.72296 
v 2.04248 2.96352 4.70296 
v 2.07283 2.93317 4.74298 
v 2.93386 2.93186 4.74476 
v 2.07415 2.93185 4.74476 
v 2.9593 2.9573 4.71109 
v 2.90978 2.90778 4.77715 
v 2.10259 2.90341 4.78309 
v 2.08778 2.91822 4.76302 
v 2.90096 2.89896 4.7892 
v 2.10704 2.89896 4.7892 
v 2.92597 2.92397 4.75529 
v 2.87836 2.87636 4.82037 
v 2.13174 2.87426 4.8233 
v 2.11724 2.88876 4.80318 
v 2.86931 2.86731 4.83306 
v 2.13869 2.86731 4.83306 
v 2.89391 2.89191 4.79885 
v 2.84822 2.84622 4.8629 
v 2.16027 2.84573 4.8636 
v 2.14608 2.85992 4.84344 
v 2.83892 2.83692 4.87628 
v 2.16908 2.83692 4.87628 
v 2.86313 2.86113 4.84173 
v 2.81938 2.81738 4.90467 
v 2.18816 2.81784 4.904 
v 2.1743 2.8317 4.88379 
v 2.80981 2.80781 4.91881 
v 2.19819 2.80781 4.91881 
v 2.83364 2.83164 4.88388 
v 2.22163 2.78437 4.95393 
v 2.79184 2.78984 4.94566 
v 2.782 2.78 4.96062 
v 2.22601 2.77999 4.96061 
v 2.21539 2.79061 4.9445 
v 2.20186 2.80414 4.92424 
v 2.80545 2.80345 4.92527 
v 2.76504 2.76304 4.98668 
v 2.23766 2.76834 4.97847 
v 2.22969 2.77631 4.96621 
v 2.24555 2.76045 4.9907 
v 2.75548 2.75348 5.00164 
v 2.25254 2.75346 5.00164 
v 2.77803 2.77603 4.96664 
v 2.73983 2.73783 5.02642 
v 2.26106 2.74494 5.0151 
v 2.25335 2.75265 5.00291 
v 2.26869 2.73731 5.02726 
v 2.27623 2.72977 5.03939 
v 2.73027 2.72827 5.04185 
v 2.27774 2.72826 5.04185 
v 2.75231 2.75031 5.00661 
v 2.71567 2.71367 5.06571 
v 2.29105 2.71495 5.06358 
v 2.28368 2.72232 5.0515 
v 2.29832 2.70768 5.07564 
v 2.70636 2.70436 5.0812 
v 2.30164 2.70436 5.0812 
v 2.72762 2.72562 5.04613 
v 2.69256 2.69056 5.10451 
v 2.3126 2.6934 5.09968 
v 2.30551 2.70049 5.08768 
v 2.31961 2.68639 5.11166 
v 2.68378 2.68178 5.11965 
v 2.32423 2.68177 5.11965 
v 2.70398 2.70198 5.08517 
v 2.67053 2.66853 5.14282 
v 2.33335 2.67265 5.13554 
v 2.32652 2.67948 5.12362 
v 2.34008 2.66592 5.14744 
v 2.6625 2.6605 5.15717 
v 2.34551 2.66049 5.15716 
v 2.68141 2.67941 5.12373 
v 2.64957 2.64757 5.18061 
v 2.35326 2.65274 5.17116 
v 2.34672 2.65928 5.15932 
v 2.35971 2.64629 5.18298 
v 2.64252 2.64052 5.19371 
v 2.36549 2.64051 5.1937 
v 2.65991 2.65791 5.16178 
v 2.62971 2.62771 5.21787 
v 2.37233 2.63367 5.20654 
v 2.36607 2.63993 5.19478 
v 2.37849 2.62751 5.21828 
v 2.62384 2.62184 5.22924 
v 2.38418 2.62182 5.22924 
v 2.63951 2.63751 5.19931 
v 2.61192 2.60992 5.25268 
v 2.39053 2.61547 5.24166 
v 2.38456 2.62144 5.22998 
v 2.3964 2.6096 5.25332 
v 2.60644 2.60444 5.26375 
v 2.40158 2.60442 5.26374 
v 2.6202 2.6182 5.2363 
v 2.59624 2.59424 5.28467 
v 2.40784 2.59816 5.27654 
v 2.40217 2.60383 5.26494 
v 2.41341 2.59259 5.28811 
v 2.5903 2.5883 5.29719 
v 2.41771 2.58829 5.29719 
v 2.60393 2.60193 5.26881 
v 2.58173 2.57973 5.31559 
v 2.42423 2.58177 5.31116 
v 2.41887 2.58713 5.29965 
v 2.42948 2.57652 5.32264 
v 2.5754 2.5734 5.32956 
v 2.43259 2.57341 5.32956 
v 2.58884 2.58684 5.30026 
v 2.5621 2.5601 5.35997 
v 2.43967 2.56633 5.34553 
v 2.43463 2.57137 5.3341 
v 2.4446 2.5614 5.35693 
v 2.56174 2.55974 5.36082 
v 2.44625 2.55975 5.36083 
v 2.57491 2.57291 5.33065 
v 2.56837 2.56637 5.34545 
v 2.55039 2.54839 5.38822 
v 2.45412 2.55188 5.37965 
v 2.44942 2.55658 5.3683 
v 2.45871 2.54729 5.39096 
v 2.54929 2.54729 5.39098 
v 2.45872 2.54728 5.39098 
v 2.55611 2.55411 5.37423 
v 2.53974 2.53774 5.4154 
v 2.46755 2.53845 5.41352 
v 2.46319 2.54281 5.40226 
v 2.53801 2.53601 5.42001 
v 2.46999 2.53601 5.42 
v 2.54493 2.54293 5.40194 
v 2.53012 2.52812 5.44151 
v 2.47989 2.52611 5.44716 
v 2.4759 2.5301 5.43597 
v 2.52788 2.52588 5.4479 
v 2.48014 2.52586 5.4479 
v 2.5348 2.5328 5.42859 
v 2.47178 2.53422 5.42476 
v 2.48748 2.51852 5.46947 
v 2.52149 2.51949 5.46656 
v 2.51885 2.51685 5.47466 
v 2.48916 2.51684 5.47466 
v 2.52568 2.52368 5.45416 
v 2.48375 2.52225 5.45833 
v 2.49454 2.51146 5.49169 
v 2.51381 2.51181 5.49056 
v 2.51089 2.50889 5.50027 
v 2.49711 2.50889 5.50027 
v 2.51753 2.51553 5.47869 
v 2.49108 2.51492 5.48059 
v 2.49786 2.50814 5.50277 
v 2.51032 2.50832 5.50217 
v 2.50705 2.50505 5.51353 
v 2.50104 2.50496 5.51383 
v 2.504 2.502 5.52463 
v 0 5.006 3 
v 0 5.006 2.84569 
v 5.008 5.006 2.84569 
v -4.60049e-15 5.004 3 
v -4.60049e-15 5.004 2.84569 
v 5.008 5.004 2.84569 
v 5.008 5.004 3 
v 2.49786 2.49586 5.50277 
v 2.50104 2.49904 5.51383 
v 2.49108 2.48908 5.48059 
v 2.49454 2.49254 5.49169 
v 2.49711 2.49511 5.50027 
v 2.48375 2.48175 5.45833 
v 2.48748 2.48548 5.46947 
v 2.48916 2.48716 5.47466 
v 2.4759 2.4739 5.43597 
v 2.47178 2.46978 5.42476 
v 2.47989 2.47789 5.44716 
v 2.48014 2.47814 5.4479 
v 2.46755 2.46555 5.41352 
v 2.46319 2.46119 5.40226 
v 2.46999 2.46799 5.42 
v 2.45872 2.45672 5.39098 
v 2.45412 2.45212 5.37965 
v 2.44942 2.44742 5.3683 
v 2.45871 2.45671 5.39096 
v 2.44625 2.44425 5.36083 
v 2.43967 2.43767 5.34553 
v 2.43463 2.43263 5.3341 
v 2.4446 2.4426 5.35693 
v 2.43259 2.43059 5.32956 
v 2.42423 2.42223 5.31116 
v 2.41887 2.41687 5.29965 
v 2.42948 2.42748 5.32264 
v 2.41771 2.41571 5.29719 
v 2.40784 2.40584 5.27654 
v 2.40217 2.40017 5.26494 
v 2.41341 2.41141 5.28811 
v 2.39053 2.38853 5.24166 
v 2.38456 2.38256 5.22998 
v 2.3964 2.3944 5.25332 
v 2.40158 2.39958 5.26374 
v 2.38418 2.38218 5.22924 
v 2.37233 2.37033 5.20654 
v 2.36607 2.36407 5.19478 
v 2.37849 2.37649 5.21828 
v 2.35326 2.35126 5.17116 
v 2.34672 2.34472 5.15932 
v 2.35971 2.35771 5.18298 
v 2.36549 2.36349 5.1937 
v 2.33335 2.33135 5.13554 
v 2.32652 2.32452 5.12362 
v 2.34008 2.33808 5.14744 
v 2.34551 2.34351 5.15716 
v 2.32423 2.32223 5.11965 
v 2.3126 2.3106 5.09968 
v 2.30551 2.30351 5.08768 
v 2.31961 2.31761 5.11166 
v 2.29105 2.28905 5.06358 
v 2.28368 2.28168 5.0515 
v 2.29832 2.29632 5.07564 
v 2.30164 2.29964 5.0812 
v 2.26106 2.25906 5.0151 
v 2.25335 2.25135 5.00291 
v 2.26869 2.26669 5.02726 
v 2.27623 2.27423 5.03939 
v 2.27774 2.27574 5.04185 
v 2.25254 2.25054 5.00164 
v 2.23766 2.23566 4.97847 
v 2.22969 2.22769 4.96621 
v 2.24555 2.24355 4.9907 
v 2.22163 2.21963 4.95393 
v 2.22601 2.22401 4.96061 
v 2.21539 2.21339 4.9445 
v 2.20186 2.19986 4.92424 
v 2.18816 2.18616 4.904 
v 2.1743 2.1723 4.88379 
v 2.19819 2.19619 4.91881 
v 2.16908 2.16708 4.87628 
v 2.16027 2.15827 4.8636 
v 2.14608 2.14408 4.84344 
v 2.13174 2.12974 4.8233 
v 2.11724 2.11524 4.80318 
v 2.13869 2.13669 4.83306 
v 2.10704 2.10504 4.7892 
v 2.10259 2.10059 4.78309 
v 2.08778 2.08578 4.76302 
v 2.05773 2.05573 4.72296 
v 2.04248 2.04048 4.70296 
v 2.07283 2.07083 4.74298 
v 2.07415 2.07215 4.74476 
v 2.02709 2.02509 4.68299 
v 2.01155 2.00955 4.66304 
v 2.04003 2.03803 4.69978 
v 2.0047 2.0027 4.65432 
v 1.99588 1.99388 4.64311 
v 1.98006 1.97806 4.6232 
v 1.96819 1.96619 4.60842 
v 1.94801 1.94601 4.58347 
v 1.93179 1.92979 4.56364 
v 1.96411 1.96211 4.60332 
v 1.93055 1.92855 4.56214 
v 1.91542 1.91342 4.54383 
v 1.89893 1.89693 4.52405 
v 1.8823 1.8803 4.50429 
v 1.86554 1.86354 4.48456 
v 1.89176 1.88976 4.51553 
v 1.8519 1.8499 4.46865 
v 1.83163 1.82963 4.44518 
v 1.81448 1.81248 4.42553 
v 1.84865 1.84665 4.46486 
v 1.81097 1.80897 4.42154 
v 1.79721 1.79521 4.40591 
v 1.77981 1.77781 4.38632 
v 1.76902 1.76702 4.37428 
v 1.74464 1.74264 4.34721 
v 1.72686 1.72486 4.32771 
v 1.76229 1.76029 4.36675 
v 1.70897 1.70697 4.30823 
v 1.69095 1.68895 4.28878 
v 1.72611 1.72411 4.32689 
v 1.68223 1.68023 4.27945 
v 1.67281 1.67081 4.26937 
v 1.65455 1.65255 4.24999 
v 1.64997 1.64797 4.24514 
v 1.63745 1.63545 4.23201 
v 1.62721 1.62521 4.22126 
v 1.60432 1.60232 4.19747 
v 1.58131 1.57931 4.17379 
v 1.55817 1.55617 4.15022 
v 1.59183 1.58983 4.18461 
v 1.54539 1.54339 4.13732 
v 1.5349 1.5329 4.12675 
v 1.51151 1.50951 4.10338 
v 1.48801 1.48601 4.08012 
v 1.46438 1.46238 4.05697 
v 1.49819 1.49619 4.0902 
v 1.45028 1.44828 4.04329 
v 1.44063 1.43863 4.03392 
v 1.41676 1.41476 4.01098 
v 1.40172 1.39972 3.99666 
v 1.39279 1.39079 3.98815 
v 1.36869 1.36669 3.96543 
v 1.34449 1.34249 3.94282 
v 1.32017 1.31817 3.92032 
v 1.35256 1.35056 3.95036 
v 1.30285 1.30085 3.90444 
v 1.29574 1.29374 3.89793 
v 1.2712 1.2692 3.87565 
v 1.24656 1.24456 3.85349 
v 1.22181 1.21981 3.83144 
v 1.25266 1.25066 3.85897 
v 1.20205 1.20005 3.814 
v 1.19696 1.19496 3.80951 
v 1.172 1.17 3.78769 
v 1.15109 1.14909 3.76959 
v 1.14693 1.14493 3.766 
v 1.12177 1.11977 3.74442 
v 1.09985 1.09785 3.72581 
v 1.09651 1.09451 3.72297 
v 1.07114 1.06914 3.70164 
v 1.0484 1.0464 3.6827 
v 1.04568 1.04368 3.68043 
v 1.02012 1.01812 3.65935 
v 0.996821 0.994821 3.64033 
v 0.99446 0.99246 3.6384 
v 0.968707 0.966707 3.61758 
v 0.94286 0.94086 3.59689 
v 0.94519 0.94319 3.59876 
v 0.916918 0.914918 3.57634 
v 0.890883 0.888883 3.55592 
v 0.864757 0.862757 3.53565 
v 0.845551 0.843551 3.52088 
v 0.893593 0.891593 3.55805 
v 0.842118 0.840118 3.51826 
v 0.818866 0.816866 3.50055 
v 0.792193 0.790193 3.48044 
v 0.790858 0.788858 3.47945 
v 0.765537 0.763537 3.46058 
v 0.739908 0.737908 3.44169 
v 0.738905 0.736905 3.44095 
v 0.712306 0.710306 3.42156 
v 0.689368 0.687368 3.40504 
v 0.685744 0.683744 3.40243 
v 0.659229 0.657229 3.38355 
v 0.639344 0.637344 3.36956 
v 0.632768 0.630768 3.36493 
v 0.606368 0.604368 3.34658 
v 0.589943 0.587943 3.3353 
v 0.580037 0.578037 3.3285 
v 0.553785 0.551785 3.3107 
v 0.541278 0.539278 3.30233 
v 0.527619 0.525619 3.29319 
v 0.501548 0.499548 3.27597 
v 0.493462 0.491462 3.2707 
v 0.475582 0.473582 3.25905 
v 0.449731 0.447731 3.24244 
v 0.44661 0.44461 3.24046 
v 0.424004 0.422004 3.22614 
v 0.400846 0.398846 3.21168 
v 0.398412 0.396412 3.21016 
v 0.372966 0.370966 3.19452 
v 0.356295 0.354295 3.18443 
v 0.347677 0.345677 3.17922 
v 0.322557 0.320557 3.16427 
v 0.297618 0.295618 3.14968 
v 0.275454 0.273454 3.13693 
v 0.313065 0.311065 3.15872 
v 0.271269 0.269269 3.13456 
v 0.253692 0.251692 3.12462 
v 0.232351 0.230351 3.11275 
v 0.211448 0.209448 3.10133 
v 0.231028 0.229028 3.11203 
v 0.192454 0.190454 3.09115 
v 0.190998 0.188998 3.09037 
v 0.171018 0.169018 3.07986 
v 0.155645 0.153645 3.07193 
v 0.151524 0.149524 3.06981 
v 0.132529 0.130529 3.06022 
v 0.120682 0.118682 3.05436 
v 0.114048 0.112048 3.05109 
v 0.0960942 0.0940942 3.04242 
v 0.0876384 0.0856384 3.03844 
v 0.0786784 0.0766784 3.03421 
v 0.0618115 0.0598115 3.02647 
v 0.0565734 0.0545734 3.02413 
v 0.045503 0.043503 3.01918 
v 0.0297608 0.0277608 3.01234 
v 0.0275359 0.0255359 3.0114 
v 0.0145914 0.0125914 3.00595 
v -8.88178e-16 -0.002 3 
v 0 -4.1421e-19 3 
v 2.51014 2.49586 5.50277 
v 2.50696 2.49904 5.51383 
v 2.51089 2.49511 5.50027 
v 2.51884 2.48716 5.47466 
v 2.51692 2.48908 5.48059 
v 2.51346 2.49254 5.49169 
v 2.52786 2.47814 5.4479 
v 2.52425 2.48175 5.45833 
v 2.52052 2.48548 5.46947 
v 2.53801 2.46799 5.42 
v 2.53622 2.46978 5.42476 
v 2.52811 2.47789 5.44716 
v 2.5321 2.4739 5.43597 
v 2.54928 2.45672 5.39098 
v 2.54045 2.46555 5.41352 
v 2.54481 2.46119 5.40226 
v 2.56175 2.44425 5.36083 
v 2.54929 2.45671 5.39096 
v 2.55858 2.44742 5.3683 
v 2.55388 2.45212 5.37965 
v 2.57541 2.43059 5.32956 
v 2.5634 2.4426 5.35693 
v 2.57337 2.43263 5.3341 
v 2.56833 2.43767 5.34553 
v 2.59029 2.41571 5.29719 
v 2.57852 2.42748 5.32264 
v 2.58913 2.41687 5.29965 
v 2.58377 2.42223 5.31116 
v 2.60642 2.39958 5.26374 
v 2.59459 2.41141 5.28811 
v 2.60583 2.40017 5.26494 
v 2.60016 2.40584 5.27654 
v 2.6116 2.3944 5.25332 
v 2.62382 2.38218 5.22924 
v 2.62344 2.38256 5.22998 
v 2.61747 2.38853 5.24166 
v 2.64251 2.36349 5.1937 
v 2.62951 2.37649 5.21828 
v 2.64193 2.36407 5.19478 
v 2.63567 2.37033 5.20654 
v 2.66249 2.34351 5.15716 
v 2.64829 2.35771 5.18298 
v 2.66128 2.34472 5.15932 
v 2.65474 2.35126 5.17116 
v 2.68377 2.32223 5.11965 
v 2.66792 2.33808 5.14744 
v 2.68148 2.32452 5.12362 
v 2.67465 2.33135 5.13554 
v 2.70636 2.29964 5.0812 
v 2.68839 2.31761 5.11166 
v 2.70249 2.30351 5.08768 
v 2.6954 2.3106 5.09968 
v 2.73026 2.27574 5.04185 
v 2.70968 2.29632 5.07564 
v 2.72432 2.28168 5.0515 
v 2.71695 2.28905 5.06358 
v 2.75546 2.25054 5.00164 
v 2.73177 2.27423 5.03939 
v 2.75465 2.25135 5.00291 
v 2.74694 2.25906 5.0151 
v 2.73931 2.26669 5.02726 
v 2.78199 2.22401 4.96061 
v 2.76245 2.24355 4.9907 
v 2.77831 2.22769 4.96621 
v 2.77034 2.23566 4.97847 
v 2.80981 2.19619 4.91881 
v 2.78637 2.21963 4.95393 
v 2.79261 2.21339 4.9445 
v 2.80614 2.19986 4.92424 
v 2.83892 2.16708 4.87628 
v 2.81984 2.18616 4.904 
v 2.8337 2.1723 4.88379 
v 2.86931 2.13669 4.83306 
v 2.84773 2.15827 4.8636 
v 2.86192 2.14408 4.84344 
v 2.90096 2.10504 4.7892 
v 2.87626 2.12974 4.8233 
v 2.89076 2.11524 4.80318 
v 2.93385 2.07215 4.74476 
v 2.90541 2.10059 4.78309 
v 2.92022 2.08578 4.76302 
v 2.96797 2.03803 4.69978 
v 2.93517 2.07083 4.74298 
v 2.96552 2.04048 4.70296 
v 2.95027 2.05573 4.72296 
v 3.0033 2.0027 4.65432 
v 2.98091 2.02509 4.68299 
v 2.99645 2.00955 4.66304 
v 3.03981 1.96619 4.60842 
v 3.01212 1.99388 4.64311 
v 3.02794 1.97806 4.6232 
v 3.07745 1.92855 4.56214 
v 3.04389 1.96211 4.60332 
v 3.07621 1.92979 4.56364 
v 3.05999 1.94601 4.58347 
v 3.09258 1.91342 4.54383 
v 3.11624 1.88976 4.51553 
v 3.10907 1.89693 4.52405 
v 3.1561 1.8499 4.46865 
v 3.1257 1.8803 4.50429 
v 3.14246 1.86354 4.48456 
v 3.19703 1.80897 4.42154 
v 3.15935 1.84665 4.46486 
v 3.19352 1.81248 4.42553 
v 3.17637 1.82963 4.44518 
v 3.21079 1.79521 4.40591 
v 3.23898 1.76702 4.37428 
v 3.22819 1.77781 4.38632 
v 3.28189 1.72411 4.32689 
v 3.24571 1.76029 4.36675 
v 3.28114 1.72486 4.32771 
v 3.26336 1.74264 4.34721 
v 3.32577 1.68023 4.27945 
v 3.29903 1.70697 4.30823 
v 3.31705 1.68895 4.28878 
v 3.37055 1.63545 4.23201 
v 3.33519 1.67081 4.26937 
v 3.35803 1.64797 4.24514 
v 3.35345 1.65255 4.24999 
v 3.41617 1.58983 4.18461 
v 3.38079 1.62521 4.22126 
v 3.40368 1.60232 4.19747 
v 3.46261 1.54339 4.13732 
v 3.42669 1.57931 4.17379 
v 3.44983 1.55617 4.15022 
v 3.50981 1.49619 4.0902 
v 3.4731 1.5329 4.12675 
v 3.49649 1.50951 4.10338 
v 3.55772 1.44828 4.04329 
v 3.51999 1.48601 4.08012 
v 3.54362 1.46238 4.05697 
v 3.60628 1.39972 3.99666 
v 3.56737 1.43863 4.03392 
v 3.59124 1.41476 4.01098 
v 3.65544 1.35056 3.95036 
v 3.61521 1.39079 3.98815 
v 3.63931 1.36669 3.96543 
v 3.70515 1.30085 3.90444 
v 3.66351 1.34249 3.94282 
v 3.68783 1.31817 3.92032 
v 3.75534 1.25066 3.85897 
v 3.71226 1.29374 3.89793 
v 3.7368 1.2692 3.87565 
v 3.80595 1.20005 3.814 
v 3.76144 1.24456 3.85349 
v 3.78619 1.21981 3.83144 
v 3.81104 1.19496 3.80951 
v 3.85691 1.14909 3.76959 
v 3.836 1.17 3.78769 
v 3.90815 1.09785 3.72581 
v 3.86107 1.14493 3.766 
v 3.88623 1.11977 3.74442 
v 3.9596 1.0464 3.6827 
v 3.91149 1.09451 3.72297 
v 3.93686 1.06914 3.70164 
v 3.96232 1.04368 3.68043 
v 3.98788 1.01812 3.65935 
v 4.01118 0.994821 3.64033 
v 4.01354 0.99246 3.6384 
v 4.03929 0.966707 3.61758 
v 4.06281 0.94319 3.59876 
v 4.06514 0.94086 3.59689 
v 4.09108 0.914918 3.57634 
v 4.11441 0.891593 3.55805 
v 4.11712 0.888883 3.55592 
v 4.16588 0.840118 3.51826 
v 4.16245 0.843551 3.52088 
v 4.14324 0.862757 3.53565 
v 4.21581 0.790193 3.48044 
v 4.18913 0.816866 3.50055 
v 4.21714 0.788858 3.47945 
v 4.24246 0.763537 3.46058 
v 4.26809 0.737908 3.44169 
v 4.26909 0.736905 3.44095 
v 4.29569 0.710306 3.42156 
v 4.31863 0.687368 3.40504 
v 4.32226 0.683744 3.40243 
v 4.34877 0.657229 3.38355 
v 4.36866 0.637344 3.36956 
v 4.37523 0.630768 3.36493 
v 4.40163 0.604368 3.34658 
v 4.41806 0.587943 3.3353 
v 4.45422 0.551785 3.3107 
v 4.42796 0.578037 3.3285 
v 4.46672 0.539278 3.30233 
v 4.50645 0.499548 3.27597 
v 4.48038 0.525619 3.29319 
v 4.51454 0.491462 3.2707 
v 4.55827 0.447731 3.24244 
v 4.53242 0.473582 3.25905 
v 4.56139 0.44461 3.24046 
v 4.584 0.422004 3.22614 
v 4.60715 0.398846 3.21168 
v 4.63503 0.370966 3.19452 
v 4.60959 0.396412 3.21016 
v 4.65171 0.354295 3.18443 
v 4.68544 0.320557 3.16427 
v 4.66032 0.345677 3.17922 
v 4.69494 0.311065 3.15872 
v 4.71038 0.295618 3.14968 
v 4.73673 0.269269 3.13456 
v 4.73255 0.273454 3.13693 
v 4.77565 0.230351 3.11275 
v 4.75431 0.251692 3.12462 
v 4.77697 0.229028 3.11203 
v 4.81555 0.190454 3.09115 
v 4.79655 0.209448 3.10133 
v 4.83698 0.169018 3.07986 
v 4.817 0.188998 3.09037 
v 4.85236 0.153645 3.07193 
v 4.87547 0.130529 3.06022 
v 4.85648 0.149524 3.06981 
v 4.88732 0.118682 3.05436 
v 4.91191 0.0940942 3.04242 
v 4.89395 0.112048 3.05109 
v 4.92036 0.0856384 3.03844 
v 4.94619 0.0598115 3.02647 
v 4.92932 0.0766784 3.03421 
v 4.95143 0.0545734 3.02413 
v 4.97824 0.0277608 3.01234 
v 4.9625 0.043503 3.01918 
v 4.98046 0.0255359 3.0114 
v 5.008 1.83097e-15 3 
v 4.99341 0.0125914 3.00595 
v 5.008 -0.002 3 
v 5.008 -0.002 2.84569 
v 0 -0.002 2.84569 
v 5.008 1.83097e-15 2.84569 
v 0 0 2.84569 
v 5.004 5 3 
v 0.004 5 3 
v 0.004 7.56485e-20 3 
v 5.004 1.77636e-15 3 
v 0.004 7.56485e-20 0 
v 0.004 5 0 
v 5.004 5 0 
v 5.004 1.77636e-15 0 
v 0 -4.1421e-19 0 
v -4.60049e-15 5.004 0 
v 5.008 5.004 0 
v 5.008 1.83097e-15 0 
v 5.018 5.016 2.84569 
v 5.018 -0.012 2.84569 
v -0.01 -0.012 2.84569 
v -0.01 5.016 2.84569 
v -0.01 -0.012 3.00677 
v -0.01 5.016 3.00677 
v 5.018 5.016 3.00677 
v 5.018 -0.012 3.00677 
v 2.53369 2.53169 5.46164 
v 2.47186 2.53414 5.45454 
v 2.47532 2.53068 5.46461 
v 2.53268 2.53068 5.46461 
v 2.47104 2.53496 5.45216 
v 2.53799 2.53599 5.44923 
v 2.54245 2.54045 5.43679 
v 2.53615 2.53415 5.45454 
v 2.54611 2.54411 5.42689 
v 2.4619 2.5441 5.42689 
v 2.46652 2.53948 5.43944 
v 2.46174 2.54426 5.42645 
v 2.55182 2.54982 5.41182 
v 2.55672 2.55472 5.3993 
v 2.54706 2.54506 5.42432 
v 2.55721 2.55521 5.39811 
v 2.45079 2.55521 5.39811 
v 2.45142 2.55458 5.39967 
v 2.45671 2.54929 5.4132 
v 2.44587 2.56013 5.38588 
v 2.56178 2.55978 5.38675 
v 2.56697 2.56497 5.37417 
v 2.5695 2.5675 5.36819 
v 2.4385 2.5675 5.36819 
v 2.44005 2.56595 5.37182 
v 2.43396 2.57204 5.35749 
v 2.5723 2.5703 5.36156 
v 2.57776 2.57576 5.34892 
v 2.58297 2.58097 5.33713 
v 2.42502 2.58098 5.33714 
v 2.42759 2.57841 5.34288 
v 2.42094 2.58506 5.32801 
v 2.58909 2.58709 5.32355 
v 2.59495 2.59295 5.31082 
v 2.58336 2.58136 5.33625 
v 2.59769 2.59569 5.30498 
v 2.41031 2.59569 5.30498 
v 2.414 2.592 5.31287 
v 2.40678 2.59922 5.29746 
v 2.60704 2.60504 5.28527 
v 2.61328 2.61128 5.27245 
v 2.60093 2.59893 5.29806 
v 2.61364 2.61164 5.27173 
v 2.39435 2.61165 5.27173 
v 2.39927 2.60673 5.28178 
v 2.39146 2.61454 5.26584 
v 2.61568 2.61368 5.26758 
v 2.6237 2.6217 5.2515 
v 2.63087 2.62887 5.23742 
v 2.38336 2.62264 5.24963 
v 2.37712 2.62888 5.23742 
v 2.37405 2.63195 5.23142 
v 2.64024 2.63824 5.21932 
v 2.64875 2.64675 5.20322 
v 2.63189 2.62989 5.23541 
v 2.64938 2.64738 5.20206 
v 2.3586 2.6474 5.20206 
v 2.36447 2.64153 5.21308 
v 2.35462 2.65138 5.19459 
v 2.65742 2.65542 5.18712 
v 2.66624 2.66424 5.17101 
v 2.6692 2.6672 5.16569 
v 2.3388 2.6672 5.16569 
v 2.3445 2.6615 5.17598 
v 2.3341 2.6719 5.15723 
v 2.67521 2.67321 5.1549 
v 2.68432 2.68232 5.13877 
v 2.69031 2.68831 5.12835 
v 2.31769 2.68831 5.12835 
v 2.32344 2.68256 5.13835 
v 2.31251 2.69349 5.11934 
v 2.70299 2.70099 5.1065 
v 2.71254 2.71054 5.09035 
v 2.69358 2.69158 5.12264 
v 2.71272 2.71072 5.09005 
v 2.29526 2.71074 5.09005 
v 2.30131 2.70469 5.10021 
v 2.28985 2.71615 5.08096 
v 2.72222 2.72022 5.07419 
v 2.73205 2.73005 5.05803 
v 2.73647 2.73447 5.05085 
v 2.27153 2.73447 5.05085 
v 2.27812 2.72788 5.06158 
v 2.26614 2.73986 5.04209 
v 2.74201 2.74001 5.04185 
v 2.7521 2.7501 5.02567 
v 2.76151 2.75951 5.01078 
v 2.24648 2.75952 5.01078 
v 2.2539 2.7521 5.02248 
v 2.24139 2.76461 5.00276 
v 2.77269 2.77069 4.99326 
v 2.78318 2.78118 4.97705 
v 2.76233 2.76033 5.00947 
v 2.78787 2.78587 4.96988 
v 2.22013 2.78587 4.96988 
v 2.22256 2.78344 4.97359 
v 2.22863 2.77737 4.98292 
v 2.20933 2.79667 4.95345 
v 2.80455 2.80255 4.94459 
v 2.81542 2.81342 4.92835 
v 2.7938 2.7918 4.96083 
v 2.81552 2.81352 4.9282 
v 2.19246 2.81354 4.9282 
v 2.19577 2.81023 4.93311 
v 2.1819 2.8241 4.91256 
v 2.82642 2.82442 4.9121 
v 2.83754 2.83554 4.89584 
v 2.84449 2.84249 4.88579 
v 2.1635 2.8425 4.88579 
v 2.16769 2.83831 4.89182 
v 2.15316 2.85284 4.87088 
v 2.86016 2.85816 4.86329 
v 2.87164 2.86964 4.84701 
v 2.84879 2.84679 4.87957 
v 2.87453 2.87253 4.84295 
v 2.13346 2.87254 4.84295 
v 2.1383 2.8677 4.84976 
v 2.12313 2.88287 4.82845 
v 2.88325 2.88125 4.83071 
v 2.89498 2.89298 4.81441 
v 2.90603 2.90403 4.7992 
v 2.10196 2.90404 4.7992 
v 2.10763 2.89837 4.80697 
v 2.09181 2.91419 4.78531 
v 2.91878 2.91678 4.78179 
v 2.93086 2.92886 4.76547 
v 2.90682 2.90482 4.7981 
v 2.93877 2.93677 4.75487 
v 2.06922 2.93678 4.75487 
v 2.07567 2.93033 4.76349 
v 2.05922 2.94678 4.74151 
v 2.95536 2.95336 4.7328 
v 2.96778 2.96578 4.71646 
v 2.94305 2.94105 4.74914 
v 2.97275 2.97075 4.70998 
v 2.03524 2.97076 4.70998 
v 2.04244 2.96356 4.71938 
v 2.02536 2.98064 4.69709 
v 2.99296 2.99096 4.68376 
v 3.00572 3.00372 4.66741 
v 2.98032 2.97832 4.70012 
v 3.00793 3.00593 4.66461 
v 2.00006 3.00594 4.66461 
v 2.00795 2.99805 4.67467 
v 1.99024 3.01576 4.6521 
v 3.01859 3.01659 4.65105 
v 3.03157 3.02957 4.63468 
v 3.04429 3.04229 4.61878 
v 1.96369 3.04231 4.61879 
v 1.97223 3.03377 4.62942 
v 1.9539 3.0521 4.6066 
v 3.05786 3.05586 4.60195 
v 3.07117 3.06917 4.58557 
v 3.04466 3.04266 4.61832 
v 3.08181 3.07981 4.57259 
v 1.93527 3.07073 4.58366 
v 1.92617 3.07983 4.57259 
v 3.08459 3.08259 4.5692 
v 1.91424 3.09176 4.55808 
v 3.09889 3.09689 4.55189 
v 3.11811 3.11611 4.52884 
v 3.12046 3.11846 4.52605 
v 1.88753 3.11847 4.52605 
v 1.89298 3.11302 4.53253 
v 1.8715 3.1345 4.50702 
v 3.13748 3.13548 4.50586 
v 3.157 3.155 4.48294 
v 3.1602 3.1582 4.47923 
v 1.8478 3.1582 4.47923 
v 1.84981 3.15619 4.48156 
v 1.8279 3.1781 4.45614 
v 3.17667 3.17467 4.4601 
v 3.19649 3.19449 4.43732 
v 3.201 3.199 4.43218 
v 1.807 3.199 4.43218 
v 1.80578 3.20022 4.43078 
v 3.21645 3.21445 4.41461 
v 3.23655 3.23455 4.39196 
v 3.24283 3.24083 4.38496 
v 1.76517 3.24083 4.38496 
v 1.78346 3.22254 4.40547 
v 1.76094 3.24506 4.38021 
v 3.2568 3.2548 4.36939 
v 3.27718 3.27518 4.34688 
v 3.28565 3.28365 4.33762 
v 1.72235 3.28365 4.33762 
v 1.73822 3.26778 4.35502 
v 1.71531 3.29069 4.32989 
v 3.2977 3.2957 4.32444 
v 3.31835 3.31635 4.30207 
v 3.32939 3.32739 4.29024 
v 1.67861 3.32739 4.29024 
v 1.69221 3.31379 4.30483 
v 1.66892 3.33708 4.27984 
v 3.33914 3.33714 4.27977 
v 3.36007 3.35807 4.25754 
v 3.37404 3.37204 4.24283 
v 1.63395 3.37205 4.24284 
v 1.64546 3.36054 4.25493 
v 1.62182 3.38418 4.23009 
v 3.38112 3.37912 4.23538 
v 3.4023 3.4003 4.21329 
v 3.41951 3.41751 4.19552 
v 1.58848 3.41752 4.19552 
v 1.59801 3.40799 4.20533 
v 3.42362 3.42162 4.19127 
v 1.57982 3.42618 4.18661 
v 1.57403 3.43197 4.18065 
v 3.44506 3.44306 4.16933 
v 3.46663 3.46463 4.14745 
v 3.42817 3.42617 4.18661 
v 3.47468 3.47268 4.13936 
v 1.53332 3.47268 4.13936 
v 1.54988 3.45612 4.15606 
v 1.52558 3.48042 4.13156 
v 3.48832 3.48632 4.12565 
v 3.51013 3.50813 4.10392 
v 3.52189 3.51989 4.09232 
v 1.4861 3.5199 4.09232 
v 1.50112 3.50488 4.10715 
v 1.47652 3.52948 4.08285 
v 3.53207 3.53007 4.08227 
v 3.55414 3.55214 4.06069 
v 3.56982 3.56782 4.04549 
v 1.43818 3.56782 4.04549 
v 1.45177 3.55423 4.05864 
v 1.42687 3.57913 4.03454 
v 3.57632 3.57432 4.03918 
v 3.59862 3.59662 4.01776 
v 3.61843 3.61643 3.99889 
v 1.38956 3.61644 3.9989 
v 1.40183 3.60417 4.01054 
v 1.37665 3.62935 3.98665 
v 3.64358 3.64158 3.97514 
v 3.66624 3.66424 3.95395 
v 3.62104 3.61904 3.99641 
v 3.66765 3.66565 3.95263 
v 1.34034 3.66566 3.95265 
v 1.35134 3.65466 3.96288 
v 1.32591 3.68009 3.93923 
v 3.68901 3.68701 3.93283 
v 3.7119 3.7099 3.9118 
v 3.71738 3.71538 3.90681 
v 1.29062 3.71538 3.90682 
v 1.30036 3.70564 3.9157 
v 1.27469 3.73131 3.8923 
v 3.7349 3.7329 3.89086 
v 3.75377 3.75177 3.87381 
v 3.76757 3.76557 3.86145 
v 1.24043 3.76557 3.86145 
v 1.24891 3.75709 3.86903 
v 1.22302 3.78298 3.84589 
v 3.77953 3.77753 3.85074 
v 3.80538 3.80338 3.82781 
v 3.81818 3.81618 3.81658 
v 1.18982 3.81618 3.81657 
v 1.19702 3.80898 3.82288 
v 1.17092 3.83508 3.80002 
v 3.83132 3.82932 3.80504 
v 3.85734 3.85534 3.78243 
v 3.86915 3.86715 3.77226 
v 1.13886 3.86714 3.77226 
v 1.14473 3.86127 3.7773 
v 1.11844 3.88756 3.75473 
v 3.88344 3.88144 3.75996 
v 3.90962 3.90762 3.73765 
v 3.92038 3.91838 3.72858 
v 1.08763 3.91837 3.72857 
v 1.09207 3.91393 3.73231 
v 3.93588 3.93388 3.7155 
v 1.06562 3.94038 3.71005 
v 3.96222 3.96022 3.69351 
v 1.0362 3.9698 3.68557 
v 1.03939 3.96661 3.68821 
v 3.98864 3.98664 3.67167 
v 1.01968 3.98632 3.67193 
v 0.984646 4.02135 3.64332 
v 1 4.006 3.65581 
v 3.97181 3.96981 3.68558 
v 4.01513 4.01313 3.65 
v 0.980367 4.02563 3.63984 
v 4.02336 4.02136 3.64333 
v 4.04169 4.03969 3.62849 
v 0.933048 4.07295 3.60188 
v 0.941219 4.06478 3.60837 
v 0.960772 4.04523 3.62403 
v 4.06832 4.06632 3.60715 
v 0.92171 4.08429 3.59287 
v 4.07495 4.07295 3.60189 
v 4.09502 4.09302 3.58597 
v 0.881571 4.12443 3.56135 
v 0.88283 4.12317 3.56233 
v 0.902247 4.10375 3.57752 
v 4.12179 4.11979 3.56496 
v 0.863461 4.14254 3.54728 
v 4.12643 4.12443 3.56136 
v 4.14862 4.14662 3.54413 
v 0.844141 4.16186 3.5324 
v 0.83015 4.17585 3.5217 
v 4.17548 4.17348 3.5235 
v 4.17785 4.17585 3.5217 
v 0.805655 4.20034 3.50309 
v 0.824872 4.18113 3.51767 
v 0.786492 4.21951 3.48867 
v 4.20237 4.20037 3.50307 
v 0.778963 4.22704 3.48305 
v 4.22904 4.22704 3.48304 
v 0.748331 4.25767 3.46029 
v 0.767383 4.23862 3.4744 
v 0.729336 4.27666 3.44633 
v 4.22928 4.22728 3.48285 
v 0.728092 4.27791 3.44543 
v 4.25621 4.25421 3.46284 
v 4.27991 4.27791 3.44543 
v 0.691523 4.31448 3.41889 
v 0.710399 4.2956 3.43253 
v 4.28315 4.28115 3.44306 
v 0.677652 4.32835 3.40894 
v 4.31009 4.30809 3.42349 
v 4.33035 4.32835 3.40895 
v 0.653958 4.35204 3.39207 
v 0.672709 4.33329 3.4054 
v 0.635271 4.37073 3.37889 
v 4.33703 4.33503 3.40416 
v 0.627733 4.37827 3.37362 
v 4.36396 4.36196 3.38506 
v 4.38027 4.37827 3.37364 
v 0.598097 4.4079 3.35302 
v 0.61665 4.38935 3.36588 
v 0.579611 4.42639 3.34032 
v 4.39087 4.38887 3.36621 
v 0.57846 4.42754 3.33954 
v 4.41776 4.41576 3.34761 
v 4.42954 4.42754 3.33956 
v 0.542853 4.46315 3.3154 
v 0.561196 4.4448 3.32778 
v 4.44461 4.44261 3.32927 
v 0.529929 4.47607 3.30675 
v 4.47142 4.46942 3.31119 
v 4.47807 4.47607 3.30677 
v 0.506385 4.49962 3.29112 
v 0.524582 4.48142 3.30318 
v 0.488264 4.51774 3.27922 
v 4.49818 4.49618 3.29338 
v 0.482275 4.52373 3.27533 
v 4.52489 4.52289 3.27586 
v 4.52573 4.52373 3.27532 
v 0.452254 4.55375 3.25592 
v 0.47022 4.53578 3.26749 
v 4.55152 4.54952 3.25863 
v 0.43559 4.57041 3.24529 
v 4.57241 4.57041 3.24531 
v 0.398839 4.60716 3.2222 
v 0.416562 4.58944 3.23327 
v 0.434367 4.57163 3.24451 
v 4.57808 4.57608 3.24169 
v 0.390026 4.61597 3.21675 
v 4.60455 4.60255 3.22507 
v 0.345668 4.66033 3.18968 
v 4.63093 4.62893 3.20876 
v 4.65439 4.65239 3.19447 
v 4.61797 4.61597 3.21677 
v 0.346176 4.65982 3.18999 
v 0.363645 4.64236 3.20055 
v 0.3812 4.6248 3.21129 
v 4.66232 4.66032 3.18971 
v 0.3115 4.6945 3.16936 
v 0.328794 4.67721 3.17959 
v 4.67753 4.67553 3.18059 
v 0.302673 4.70333 3.16421 
v 4.70031 4.69831 3.16713 
v 4.70533 4.70333 3.16421 
v 0.27718 4.72882 3.14944 
v 0.294295 4.7117 3.15931 
v 4.7227 4.7207 3.1541 
v 0.261118 4.74488 3.14029 
v 4.74471 4.74271 3.14151 
v 4.74688 4.74488 3.14029 
v 0.226374 4.77963 3.12088 
v 0.243219 4.76278 3.13022 
v 0.260154 4.74585 3.13974 
v 4.76632 4.76432 3.12936 
v 0.221157 4.78484 3.11802 
v 4.78685 4.78485 3.11801 
v 0.19295 4.81305 3.10274 
v 0.209618 4.79638 3.11172 
v 4.78749 4.78549 3.11765 
v 0.182863 4.82314 3.09739 
v 4.80822 4.80622 3.1064 
v 4.82514 4.82314 3.09739 
v 0.15987 4.84613 3.08534 
v 0.176369 4.82963 3.09395 
v 4.82849 4.82649 3.0956 
v 0.146351 4.85965 3.07841 
v 4.84828 4.84628 3.08526 
v 4.86164 4.85964 3.07842 
v 0.127098 4.8789 3.06868 
v 0.143449 4.86255 3.07692 
v 4.86758 4.86558 3.07538 
v 0.111697 4.8943 3.06107 
v 4.88637 4.88437 3.06596 
v 4.89629 4.89429 3.0611 
v 0.0945541 4.91145 3.05277 
v 0.110805 4.89519 3.06063 
v 4.90465 4.90265 3.057 
v 0.0789933 4.92701 3.0454 
v 4.92239 4.92039 3.04851 
v 4.92899 4.92699 3.04543 
v 0.0621646 4.94384 3.03761 
v 0.0783165 4.92768 3.04508 
v 4.93959 4.93759 3.04048 
v 0.0482963 4.9577 3.03137 
v 4.95623 4.95423 3.03291 
v 4.9597 4.9577 3.03137 
v 0.0308151 4.97518 3.02368 
v 0.0463349 4.95967 3.03048 
v 4.97231 4.97031 3.02579 
v 0.0189623 4.98704 3.01863 
v 4.98782 4.98582 3.01913 
v 0.0155643 4.99044 3.01719 
v 4.98905 4.98705 3.01862 
v 5.00274 5.00074 3.01292 
v 0.000388775 5.00561 3.01094 
v 2.53614 2.46986 5.45454 
v 2.53268 2.52014 5.46461 
v 2.53268 2.48386 5.46461 
v 2.53696 2.46904 5.45216 
v 2.54148 2.46452 5.43944 
v 2.55129 2.45471 5.4132 
v 2.55658 2.44942 5.39967 
v 2.54626 2.45974 5.42645 
v 2.5461 2.4599 5.42689 
v 2.56213 2.44387 5.38588 
v 2.56795 2.43805 5.37182 
v 2.55721 2.44879 5.39811 
v 2.57404 2.43196 5.35749 
v 2.58041 2.42559 5.34288 
v 2.5695 2.4365 5.36819 
v 2.58706 2.41894 5.32801 
v 2.594 2.412 5.31287 
v 2.58298 2.42302 5.33714 
v 2.60122 2.40478 5.29746 
v 2.60873 2.39727 5.28178 
v 2.59769 2.40831 5.30498 
v 2.61654 2.38946 5.26584 
v 2.61365 2.39235 5.27173 
v 2.62464 2.38136 5.24963 
v 2.63395 2.37205 5.23142 
v 2.64353 2.36247 5.21308 
v 2.63088 2.37512 5.23742 
v 2.65338 2.35262 5.19459 
v 2.6635 2.3425 5.17598 
v 2.6494 2.3566 5.20206 
v 2.6739 2.3321 5.15723 
v 2.68456 2.32144 5.13835 
v 2.6692 2.3368 5.16569 
v 2.69549 2.31051 5.11934 
v 2.70669 2.29931 5.10021 
v 2.69031 2.31569 5.12835 
v 2.71815 2.28785 5.08096 
v 2.72988 2.27612 5.06158 
v 2.71274 2.29326 5.09005 
v 2.74186 2.26414 5.04209 
v 2.7541 2.2519 5.02248 
v 2.73647 2.26953 5.05085 
v 2.77937 2.22663 4.98292 
v 2.78544 2.22056 4.97359 
v 2.76661 2.23939 5.00276 
v 2.76152 2.24448 5.01078 
v 2.79867 2.20733 4.95345 
v 2.81223 2.19377 4.93311 
v 2.78787 2.21813 4.96988 
v 2.8261 2.1799 4.91256 
v 2.84031 2.16569 4.89182 
v 2.81554 2.19046 4.9282 
v 2.85484 2.15116 4.87088 
v 2.8697 2.1363 4.84976 
v 2.8445 2.1615 4.88579 
v 2.88487 2.12113 4.82845 
v 2.90037 2.10563 4.80697 
v 2.87454 2.13146 4.84295 
v 2.91619 2.08981 4.78531 
v 2.93233 2.07367 4.76349 
v 2.90604 2.09996 4.7992 
v 2.94878 2.05722 4.74151 
v 2.96556 2.04044 4.71938 
v 2.93878 2.06722 4.75487 
v 2.98264 2.02336 4.69709 
v 3.00005 2.00595 4.67467 
v 2.97276 2.03324 4.70998 
v 3.01776 1.98824 4.6521 
v 3.03577 1.97023 4.62942 
v 3.00794 1.99806 4.66461 
v 3.04431 1.96169 4.61879 
v 3.0541 1.9519 4.6066 
v 3.07273 1.93327 4.58366 
v 3.09376 1.91224 4.55808 
v 3.11502 1.89098 4.53253 
v 3.08183 1.92417 4.57259 
v 3.1365 1.8695 4.50702 
v 3.15819 1.84781 4.48156 
v 3.12047 1.88553 4.52605 
v 3.1602 1.8458 4.47923 
v 3.1801 1.8259 4.45614 
v 3.20222 1.80378 4.43078 
v 3.22454 1.78146 4.40547 
v 3.201 1.805 4.43218 
v 3.24706 1.75894 4.38021 
v 3.26978 1.73622 4.35502 
v 3.24283 1.76317 4.38496 
v 3.29269 1.71331 4.32989 
v 3.31579 1.69021 4.30483 
v 3.28565 1.72035 4.33762 
v 3.33908 1.66692 4.27984 
v 3.36254 1.64346 4.25493 
v 3.32939 1.67661 4.29024 
v 3.38618 1.61982 4.23009 
v 3.40999 1.59601 4.20533 
v 3.37405 1.63195 4.24284 
v 3.42818 1.57782 4.18661 
v 3.41952 1.58648 4.19552 
v 3.43397 1.57203 4.18065 
v 3.45812 1.54788 4.15606 
v 3.48242 1.52358 4.13156 
v 3.50688 1.49912 4.10715 
v 3.47468 1.53132 4.13936 
v 3.53148 1.47452 4.08285 
v 3.55623 1.44977 4.05864 
v 3.5219 1.4841 4.09232 
v 3.58113 1.42487 4.03454 
v 3.60617 1.39983 4.01054 
v 3.56982 1.43618 4.04549 
v 3.63135 1.37465 3.98665 
v 3.65666 1.34934 3.96288 
v 3.61844 1.38756 3.9989 
v 3.68209 1.32391 3.93923 
v 3.70764 1.29836 3.9157 
v 3.66766 1.33834 3.95265 
v 3.73331 1.27269 3.8923 
v 3.75909 1.24691 3.86903 
v 3.71738 1.28862 3.90682 
v 3.78498 1.22102 3.84589 
v 3.81098 1.19502 3.82288 
v 3.76757 1.23843 3.86145 
v 3.83708 1.16892 3.80002 
v 3.86327 1.14273 3.7773 
v 3.81818 1.18782 3.81657 
v 3.88956 1.11644 3.75473 
v 3.91593 1.09007 3.73231 
v 3.86914 1.13686 3.77226 
v 3.92037 1.08563 3.72857 
v 3.94238 1.06362 3.71005 
v 3.96861 1.03739 3.68821 
v 3.9718 1.0342 3.68557 
v 3.98832 1.01768 3.67193 
v 4.008 0.998004 3.65581 
v 4.02335 0.982646 3.64332 
v 4.04723 0.958772 3.62403 
v 4.06678 0.939219 3.60837 
v 4.02763 0.978367 3.63984 
v 4.07495 0.931048 3.60188 
v 4.10575 0.900247 3.57752 
v 4.12517 0.88083 3.56233 
v 4.08629 0.91971 3.59287 
v 4.12643 0.879571 3.56135 
v 4.14454 0.861461 3.54728 
v 4.16386 0.842141 3.5324 
v 4.17785 0.82815 3.5217 
v 4.18313 0.822872 3.51767 
v 4.20234 0.803655 3.50309 
v 4.22151 0.784492 3.48867 
v 4.22904 0.776963 3.48305 
v 4.24062 0.765383 3.4744 
v 4.25967 0.746331 3.46029 
v 4.27866 0.727336 3.44633 
v 4.27991 0.726092 3.44543 
v 4.2976 0.708399 3.43253 
v 4.31648 0.689523 3.41889 
v 4.33035 0.675652 3.40894 
v 4.33529 0.670709 3.4054 
v 4.35404 0.651958 3.39207 
v 4.37273 0.633271 3.37889 
v 4.38027 0.625733 3.37362 
v 4.39135 0.61465 3.36588 
v 4.4099 0.596097 3.35302 
v 4.42839 0.577611 3.34032 
v 4.42954 0.57646 3.33954 
v 4.4468 0.559196 3.32778 
v 4.46515 0.540853 3.3154 
v 4.47807 0.527929 3.30675 
v 4.48342 0.522582 3.30318 
v 4.50162 0.504385 3.29112 
v 4.51974 0.486264 3.27922 
v 4.52573 0.480275 3.27533 
v 4.53778 0.46822 3.26749 
v 4.55575 0.450254 3.25592 
v 4.57241 0.43359 3.24529 
v 4.57363 0.432367 3.24451 
v 4.59144 0.414562 3.23327 
v 4.60916 0.396839 3.2222 
v 4.61797 0.388026 3.21675 
v 4.6268 0.3792 3.21129 
v 4.64436 0.361645 3.20055 
v 4.66182 0.344176 3.18999 
v 4.66233 0.343668 3.18968 
v 4.67921 0.326794 3.17959 
v 4.6965 0.3095 3.16936 
v 4.70533 0.300673 3.16421 
v 4.7137 0.292295 3.15931 
v 4.73082 0.27518 3.14944 
v 4.74688 0.259118 3.14029 
v 4.74785 0.258154 3.13974 
v 4.76478 0.241219 3.13022 
v 4.78163 0.224374 3.12088 
v 4.78684 0.219157 3.11802 
v 4.79838 0.207618 3.11172 
v 4.81505 0.19095 3.10274 
v 4.82514 0.180863 3.09739 
v 4.83163 0.174369 3.09395 
v 4.84813 0.15787 3.08534 
v 4.86165 0.144351 3.07841 
v 4.86455 0.141449 3.07692 
v 4.8809 0.125098 3.06868 
v 4.8963 0.109697 3.06107 
v 4.89719 0.108805 3.06063 
v 4.91345 0.0925541 3.05277 
v 4.92901 0.0769933 3.0454 
v 4.92968 0.0763165 3.04508 
v 4.94584 0.0601646 3.03761 
v 4.9597 0.0462963 3.03137 
v 4.96167 0.0443349 3.03048 
v 4.97718 0.0288151 3.02368 
v 4.98904 0.0169623 3.01863 
v 4.99244 0.0135643 3.01719 
v 5.00761 -0.00161123 3.01094 
v 2.53268 2.47332 5.46461 
v 0.0155643 0.0135643 3.01719 
v 0.0189623 0.0169623 3.01863 
v 0.000388775 -0.00161123 3.01094 
v 0.0308151 0.0288151 3.02368 
v 0.0463349 0.0443349 3.03048 
v 0.0621646 0.0601646 3.03761 
v 0.0783165 0.0763165 3.04508 
v 0.0482963 0.0462963 3.03137 
v 0.0789933 0.0769933 3.0454 
v 0.0945541 0.0925541 3.05277 
v 0.110805 0.108805 3.06063 
v 0.111697 0.109697 3.06107 
v 0.127098 0.125098 3.06868 
v 0.143449 0.141449 3.07692 
v 0.15987 0.15787 3.08534 
v 0.176369 0.174369 3.09395 
v 0.146351 0.144351 3.07841 
v 0.19295 0.19095 3.10274 
v 0.209618 0.207618 3.11172 
v 0.182863 0.180863 3.09739 
v 0.226374 0.224374 3.12088 
v 0.243219 0.241219 3.13022 
v 0.260154 0.258154 3.13974 
v 0.221157 0.219157 3.11802 
v 0.27718 0.27518 3.14944 
v 0.294295 0.292295 3.15931 
v 0.261118 0.259118 3.14029 
v 0.3115 0.3095 3.16936 
v 0.328794 0.326794 3.17959 
v 0.302673 0.300673 3.16421 
v 0.346176 0.344176 3.18999 
v 0.363645 0.361645 3.20055 
v 0.3812 0.3792 3.21129 
v 0.345668 0.343668 3.18968 
v 0.398839 0.396839 3.2222 
v 0.416562 0.414562 3.23327 
v 0.434367 0.432367 3.24451 
v 0.390026 0.388026 3.21675 
v 0.452254 0.450254 3.25592 
v 0.47022 0.46822 3.26749 
v 0.43559 0.43359 3.24529 
v 0.482275 0.480275 3.27533 
v 0.506385 0.504385 3.29112 
v 0.524582 0.522582 3.30318 
v 0.488264 0.486264 3.27922 
v 0.529929 0.527929 3.30675 
v 0.542853 0.540853 3.3154 
v 0.561196 0.559196 3.32778 
v 0.57846 0.57646 3.33954 
v 0.598097 0.596097 3.35302 
v 0.61665 0.61465 3.36588 
v 0.579611 0.577611 3.34032 
v 0.653958 0.651958 3.39207 
v 0.672709 0.670709 3.4054 
v 0.635271 0.633271 3.37889 
v 0.627733 0.625733 3.37362 
v 0.677652 0.675652 3.40894 
v 0.691523 0.689523 3.41889 
v 0.710399 0.708399 3.43253 
v 0.728092 0.726092 3.44543 
v 0.748331 0.746331 3.46029 
v 0.767383 0.765383 3.4744 
v 0.729336 0.727336 3.44633 
v 0.778963 0.776963 3.48305 
v 0.805655 0.803655 3.50309 
v 0.824872 0.822872 3.51767 
v 0.786492 0.784492 3.48867 
v 0.83015 0.82815 3.5217 
v 0.863461 0.861461 3.54728 
v 0.881571 0.879571 3.56135 
v 0.844141 0.842141 3.5324 
v 0.92171 0.91971 3.59287 
v 0.933048 0.931048 3.60188 
v 0.88283 0.88083 3.56233 
v 0.902247 0.900247 3.57752 
v 0.980367 0.978367 3.63984 
v 0.984646 0.982646 3.64332 
v 0.941219 0.939219 3.60837 
v 0.960772 0.958772 3.62403 
v 1.01968 1.01768 3.67193 
v 1.0362 1.0342 3.68557 
v 1 0.998004 3.65581 
v 1.06562 1.06362 3.71005 
v 1.08763 1.08563 3.72857 
v 1.03939 1.03739 3.68821 
v 1.11844 1.11644 3.75473 
v 1.13886 1.13686 3.77226 
v 1.09207 1.09007 3.73231 
v 1.17092 1.16892 3.80002 
v 1.18982 1.18782 3.81657 
v 1.14473 1.14273 3.7773 
v 1.22302 1.22102 3.84589 
v 1.24043 1.23843 3.86145 
v 1.19702 1.19502 3.82288 
v 1.27469 1.27269 3.8923 
v 1.29062 1.28862 3.90682 
v 1.24891 1.24691 3.86903 
v 1.32591 1.32391 3.93923 
v 1.34034 1.33834 3.95265 
v 1.30036 1.29836 3.9157 
v 1.37665 1.37465 3.98665 
v 1.38956 1.38756 3.9989 
v 1.35134 1.34934 3.96288 
v 1.42687 1.42487 4.03454 
v 1.43818 1.43618 4.04549 
v 1.40183 1.39983 4.01054 
v 1.47652 1.47452 4.08285 
v 1.4861 1.4841 4.09232 
v 1.45177 1.44977 4.05864 
v 1.52558 1.52358 4.13156 
v 1.53332 1.53132 4.13936 
v 1.50112 1.49912 4.10715 
v 1.57403 1.57203 4.18065 
v 1.57982 1.57782 4.18661 
v 1.54988 1.54788 4.15606 
v 1.58848 1.58648 4.19552 
v 1.62182 1.61982 4.23009 
v 1.63395 1.63195 4.24284 
v 1.59801 1.59601 4.20533 
v 1.66892 1.66692 4.27984 
v 1.67861 1.67661 4.29024 
v 1.64546 1.64346 4.25493 
v 1.71531 1.71331 4.32989 
v 1.72235 1.72035 4.33762 
v 1.69221 1.69021 4.30483 
v 1.76094 1.75894 4.38021 
v 1.76517 1.76317 4.38496 
v 1.73822 1.73622 4.35502 
v 1.80578 1.80378 4.43078 
v 1.807 1.805 4.43218 
v 1.78346 1.78146 4.40547 
v 1.8279 1.8259 4.45614 
v 1.8478 1.8458 4.47923 
v 1.8715 1.8695 4.50702 
v 1.88753 1.88553 4.52605 
v 1.84981 1.84781 4.48156 
v 1.91424 1.91224 4.55808 
v 1.92617 1.92417 4.57259 
v 1.89298 1.89098 4.53253 
v 1.9539 1.9519 4.6066 
v 1.96369 1.96169 4.61879 
v 1.93527 1.93327 4.58366 
v 1.99024 1.98824 4.6521 
v 2.00006 1.99806 4.66461 
v 1.97223 1.97023 4.62942 
v 2.02536 2.02336 4.69709 
v 2.03524 2.03324 4.70998 
v 2.00795 2.00595 4.67467 
v 2.05922 2.05722 4.74151 
v 2.06922 2.06722 4.75487 
v 2.04244 2.04044 4.71938 
v 2.09181 2.08981 4.78531 
v 2.10196 2.09996 4.7992 
v 2.07567 2.07367 4.76349 
v 2.12313 2.12113 4.82845 
v 2.13346 2.13146 4.84295 
v 2.10763 2.10563 4.80697 
v 2.15316 2.15116 4.87088 
v 2.1635 2.1615 4.88579 
v 2.1383 2.1363 4.84976 
v 2.1819 2.1799 4.91256 
v 2.19246 2.19046 4.9282 
v 2.16769 2.16569 4.89182 
v 2.20933 2.20733 4.95345 
v 2.22013 2.21813 4.96988 
v 2.19577 2.19377 4.93311 
v 2.24139 2.23939 5.00276 
v 2.24648 2.24448 5.01078 
v 2.22256 2.22056 4.97359 
v 2.22863 2.22663 4.98292 
v 2.26614 2.26414 5.04209 
v 2.27153 2.26953 5.05085 
v 2.2539 2.2519 5.02248 
v 2.28985 2.28785 5.08096 
v 2.29526 2.29326 5.09005 
v 2.27812 2.27612 5.06158 
v 2.31251 2.31051 5.11934 
v 2.31769 2.31569 5.12835 
v 2.30131 2.29931 5.10021 
v 2.3341 2.3321 5.15723 
v 2.3388 2.3368 5.16569 
v 2.32344 2.32144 5.13835 
v 2.35462 2.35262 5.19459 
v 2.3586 2.3566 5.20206 
v 2.3445 2.3425 5.17598 
v 2.37405 2.37205 5.23142 
v 2.37712 2.37512 5.23742 
v 2.36447 2.36247 5.21308 
v 2.39146 2.38946 5.26584 
v 2.39435 2.39235 5.27173 
v 2.38336 2.38136 5.24963 
v 2.40678 2.40478 5.29746 
v 2.41031 2.40831 5.30498 
v 2.39927 2.39727 5.28178 
v 2.42094 2.41894 5.32801 
v 2.42502 2.42302 5.33714 
v 2.414 2.412 5.31287 
v 2.43396 2.43196 5.35749 
v 2.4385 2.4365 5.36819 
v 2.42759 2.42559 5.34288 
v 2.44587 2.44387 5.38588 
v 2.45079 2.44879 5.39811 
v 2.44005 2.43805 5.37182 
v 2.46174 2.45974 5.42645 
v 2.4619 2.4599 5.42689 
v 2.45142 2.44942 5.39967 
v 2.45671 2.45471 5.4132 
v 2.47104 2.46904 5.45216 
v 2.47186 2.46986 5.45454 
v 2.46652 2.46452 5.43944 
v 2.47532 2.47332 5.46461 
v 2.47532 2.52014 5.46461 
v 2.504 2.502 5.54963 
v 2.48586 2.47332 5.46461 
vn -7.14944e-17 -0.389197 -0.921154 
vn -7.19883e-17 -0.391886 -0.920014 
vn -7.03419e-17 -0.382923 -0.92378 
vn -6.83217e-17 -0.371926 -0.928262 
vn -6.95829e-17 -0.378791 -0.925482 
vn -7.52819e-17 -0.409815 -0.912168 
vn -7.32685e-17 -0.398855 -0.917014 
vn -7.49237e-17 -0.407866 -0.913042 
vn -7.40863e-17 -0.403307 -0.915065 
vn -7.52819e-17 -0.409815 -0.912168 
vn -7.22604e-17 -0.393367 -0.919381 
vn -7.83239e-17 -0.426376 -0.904546 
vn -7.64751e-17 -0.416311 -0.909222 
vn -7.79354e-17 -0.42426 -0.90554 
vn -7.74913e-17 -0.421843 -0.906669 
vn -7.83239e-17 -0.426376 -0.904546 
vn -7.58275e-17 -0.412786 -0.910828 
vn -8.11489e-17 -0.441754 -0.897136 
vn -7.9315e-17 -0.431771 -0.901983 
vn -8.06231e-17 -0.438891 -0.89854 
vn -8.06118e-17 -0.43883 -0.89857 
vn -8.11489e-17 -0.441754 -0.897136 
vn -7.90842e-17 -0.430514 -0.902584 
vn -8.37866e-17 -0.456113 -0.889922 
vn -8.18671e-17 -0.445664 -0.8952 
vn -8.30539e-17 -0.452124 -0.891955 
vn -8.34923e-17 -0.454511 -0.890741 
vn -8.37866e-17 -0.456113 -0.889922 
vn -8.20797e-17 -0.446821 -0.894623 
vn -8.62618e-17 -0.469587 -0.882886 
vn -8.41889e-17 -0.458303 -0.888796 
vn -8.52772e-17 -0.464227 -0.885716 
vn -8.61691e-17 -0.469083 -0.883154 
vn -8.62618e-17 -0.469587 -0.882886 
vn -8.48542e-17 -0.461925 -0.886919 
vn -8.85956e-17 -0.482292 -0.87601 
vn -8.6323e-17 -0.469921 -0.882709 
vn -8.73302e-17 -0.475403 -0.879768 
vn -8.83021e-17 -0.480694 -0.876888 
vn -8.74406e-17 -0.476004 -0.879443 
vn -8.85956e-17 -0.482292 -0.87601 
vn -9.08061e-17 -0.494325 -0.869277 
vn -8.92417e-17 -0.485809 -0.874065 
vn -9.01516e-17 -0.490763 -0.871293 
vn -8.98658e-17 -0.489207 -0.872168 
vn -9.08061e-17 -0.494325 -0.869277 
vn -8.86718e-17 -0.482707 -0.875782 
vn -9.21523e-17 -0.501654 -0.865068 
vn -9.10252e-17 -0.495518 -0.868598 
vn -9.29084e-17 -0.50577 -0.862668 
vn -9.10342e-17 -0.495567 -0.86857 
vn -9.18916e-17 -0.500235 -0.86589 
vn -9.27257e-17 -0.504775 -0.863251 
vn -9.29084e-17 -0.50577 -0.862668 
vn -9.49157e-17 -0.516697 -0.856168 
vn -9.35382e-17 -0.509198 -0.860649 
vn -9.43307e-17 -0.513513 -0.858082 
vn -9.4528e-17 -0.514586 -0.857439 
vn -9.49157e-17 -0.516697 -0.856168 
vn -9.33631e-17 -0.508245 -0.861213 
vn -9.6839e-17 -0.527167 -0.849762 
vn -9.51046e-17 -0.517726 -0.855547 
vn -9.58612e-17 -0.521844 -0.853041 
vn -9.66017e-17 -0.525875 -0.850562 
vn -9.67374e-17 -0.526614 -0.850105 
vn -9.6839e-17 -0.527167 -0.849762 
vn -9.56514e-17 -0.520702 -0.853738 
vn -9.8688e-17 -0.537232 -0.843434 
vn -9.73271e-17 -0.529824 -0.848108 
vn -9.80384e-17 -0.533696 -0.845676 
vn -9.77893e-17 -0.53234 -0.846531 
vn -9.8688e-17 -0.537232 -0.843434 
vn -1.00471e-16 -0.546939 -0.837172 
vn -9.94225e-17 -0.541231 -0.840874 
vn -1.00097e-16 -0.544902 -0.8385 
vn -9.87366e-17 -0.537497 -0.843266 
vn -9.98026e-17 -0.5433 -0.839539 
vn -1.00471e-16 -0.546939 -0.837172 
vn -9.88101e-17 -0.537897 -0.84301 
vn -1.02195e-16 -0.556326 -0.830964 
vn -1.01414e-16 -0.55207 -0.833798 
vn -1.02057e-16 -0.555575 -0.831467 
vn -1.0076e-16 -0.548513 -0.836142 
vn -1.01712e-16 -0.553694 -0.83272 
vn -1.02195e-16 -0.556326 -0.830964 
vn -1.00769e-16 -0.548562 -0.83611 
vn -1.03867e-16 -0.565428 -0.824798 
vn -1.02692e-16 -0.559031 -0.829147 
vn -1.03319e-16 -0.562441 -0.826838 
vn -1.03533e-16 -0.563609 -0.826042 
vn -1.03867e-16 -0.565428 -0.824798 
vn -1.02633e-16 -0.558706 -0.829366 
vn -1.05493e-16 -0.574275 -0.818662 
vn -1.04548e-16 -0.569134 -0.822245 
vn -1.05152e-16 -0.572423 -0.819959 
vn -1.03937e-16 -0.565808 -0.824537 
vn -1.0528e-16 -0.573118 -0.819473 
vn -1.05493e-16 -0.574275 -0.818662 
vn -1.04415e-16 -0.56841 -0.822745 
vn -1.07076e-16 -0.582893 -0.812549 
vn -1.06341e-16 -0.578894 -0.815403 
vn -1.06927e-16 -0.582081 -0.813131 
vn -1.0575e-16 -0.575675 -0.817678 
vn -1.06963e-16 -0.582279 -0.812989 
vn -1.07076e-16 -0.582893 -0.812549 
vn -1.06129e-16 -0.577739 -0.816222 
vn -1.08621e-16 -0.591306 -0.806447 
vn -1.07507e-16 -0.585239 -0.810861 
vn -1.08081e-16 -0.588368 -0.808593 
vn -1.08591e-16 -0.591142 -0.806568 
vn -1.08621e-16 -0.591306 -0.806447 
vn -1.07783e-16 -0.586745 -0.809772 
vn -1.10133e-16 -0.599535 -0.800349 
vn -1.09217e-16 -0.59455 -0.804059 
vn -1.09778e-16 -0.597605 -0.80179 
vn -1.08651e-16 -0.591471 -0.806326 
vn -1.09387e-16 -0.595474 -0.803374 
vn -1.10133e-16 -0.599535 -0.800349 
vn -1.11614e-16 -0.607597 -0.794245 
vn -1.10889e-16 -0.603653 -0.797247 
vn -1.11439e-16 -0.606648 -0.794971 
vn -1.10336e-16 -0.600639 -0.79952 
vn -1.10946e-16 -0.603964 -0.797011 
vn -1.11614e-16 -0.607597 -0.794245 
vn -1.10172e-16 -0.599747 -0.80019 
vn -1.12992e-16 -0.615098 -0.788451 
vn -1.12257e-16 -0.611098 -0.791555 
vn -1.11712e-16 -0.60813 -0.793837 
vn -1.13067e-16 -0.61551 -0.788129 
vn -1.11986e-16 -0.609625 -0.79269 
vn -1.1253e-16 -0.612586 -0.790404 
vn -1.13067e-16 -0.61551 -0.788129 
vn -1.14432e-16 -0.62294 -0.78227 
vn -1.14146e-16 -0.621384 -0.783506 
vn -1.14496e-16 -0.623289 -0.781992 
vn -1.13072e-16 -0.615533 -0.788111 
vn -1.1361e-16 -0.618465 -0.785813 
vn -1.14496e-16 -0.623289 -0.781992 
vn -1.13716e-16 -0.619044 -0.785357 
vn -1.15839e-16 -0.630598 -0.77611 
vn -1.15743e-16 -0.630076 -0.776533 
vn -1.15903e-16 -0.630946 -0.775827 
vn -1.14681e-16 -0.624292 -0.781191 
vn -1.15213e-16 -0.627189 -0.778867 
vn -1.15903e-16 -0.630946 -0.775827 
vn -1.1514e-16 -0.62679 -0.779188 
vn -1.17217e-16 -0.638097 -0.769956 
vn -1.172e-16 -0.638009 -0.770029 
vn -1.17289e-16 -0.638494 -0.769627 
vn -1.16531e-16 -0.634366 -0.773033 
vn -1.16487e-16 -0.634127 -0.773229 
vn -1.1861e-16 -0.64568 -0.763608 
vn -1.18658e-16 -0.645944 -0.763385 
vn -1.18569e-16 -0.645461 -0.763793 
vn -1.17896e-16 -0.641795 -0.766876 
vn -1.17908e-16 -0.641859 -0.766823 
vn -1.2e-16 -0.653247 -0.757145 
vn -1.19901e-16 -0.65271 -0.757608 
vn -1.19237e-16 -0.649099 -0.760704 
vn -1.2001e-16 -0.653306 -0.757094 
vn -1.19307e-16 -0.649476 -0.760382 
vn -1.20688e-16 -0.656997 -0.753893 
vn -1.21215e-16 -0.659862 -0.751387 
vn -1.2056e-16 -0.656297 -0.754503 
vn -1.21348e-16 -0.660589 -0.750747 
vn -1.22055e-16 -0.664437 -0.747345 
vn -1.22514e-16 -0.666934 -0.745117 
vn -1.21866e-16 -0.663407 -0.748259 
vn -1.22673e-16 -0.667803 -0.744338 
vn -1.21373e-16 -0.660726 -0.750627 
vn -1.23409e-16 -0.671807 -0.740726 
vn -1.23801e-16 -0.673941 -0.738785 
vn -1.23159e-16 -0.670444 -0.74196 
vn -1.23987e-16 -0.674955 -0.737859 
vn -1.22733e-16 -0.66813 -0.744045 
vn -1.24753e-16 -0.679123 -0.734024 
vn -1.25079e-16 -0.680898 -0.732379 
vn -1.24441e-16 -0.677425 -0.735592 
vn -1.25291e-16 -0.682053 -0.731303 
vn -1.24082e-16 -0.675471 -0.737386 
vn -1.26089e-16 -0.686396 -0.727228 
vn -1.2635e-16 -0.687818 -0.725884 
vn -1.25715e-16 -0.684361 -0.729143 
vn -1.26586e-16 -0.689104 -0.724663 
vn -1.25422e-16 -0.682764 -0.730639 
vn -1.27419e-16 -0.693639 -0.720323 
vn -1.27617e-16 -0.694714 -0.719287 
vn -1.26984e-16 -0.691268 -0.722599 
vn -1.27874e-16 -0.696114 -0.717932 
vn -1.26755e-16 -0.690021 -0.72379 
vn -1.28746e-16 -0.700862 -0.713297 
vn -1.28881e-16 -0.701598 -0.712573 
vn -1.28249e-16 -0.698156 -0.715945 
vn -1.29155e-16 -0.703089 -0.711101 
vn -1.28083e-16 -0.697252 -0.716826 
vn -1.30072e-16 -0.708078 -0.706134 
vn -1.30146e-16 -0.708484 -0.705727 
vn -1.29514e-16 -0.70504 -0.709167 
vn -1.30432e-16 -0.710037 -0.704164 
vn -1.29409e-16 -0.70447 -0.709733 
vn -1.31398e-16 -0.715297 -0.698821 
vn -1.31414e-16 -0.715383 -0.698733 
vn -1.3078e-16 -0.711931 -0.702249 
vn -1.31704e-16 -0.716963 -0.697112 
vn -1.30735e-16 -0.711686 -0.702497 
vn -1.32727e-16 -0.72253 -0.69134 
vn -1.32686e-16 -0.722308 -0.691572 
vn -1.32049e-16 -0.718841 -0.695174 
vn -1.32973e-16 -0.723871 -0.689935 
vn -1.32062e-16 -0.718911 -0.695102 
vn -1.3406e-16 -0.729789 -0.683673 
vn -1.33971e-16 -0.729305 -0.684189 
vn -1.33454e-16 -0.726488 -0.687179 
vn -1.33324e-16 -0.725784 -0.687923 
vn -1.3424e-16 -0.730768 -0.682625 
vn -1.33393e-16 -0.726155 -0.687531 
vn -1.354e-16 -0.737084 -0.675801 
vn -1.35008e-16 -0.73495 -0.678121 
vn -1.34489e-16 -0.732126 -0.68117 
vn -1.35506e-16 -0.73766 -0.675173 
vn -1.34729e-16 -0.733431 -0.679764 
vn -1.36749e-16 -0.744428 -0.667702 
vn -1.36049e-16 -0.740614 -0.67193 
vn -1.35528e-16 -0.737779 -0.675042 
vn -1.36571e-16 -0.743456 -0.668785 
vn -1.36772e-16 -0.74455 -0.667567 
vn -1.36073e-16 -0.740749 -0.671782 
vn -1.37428e-16 -0.748122 -0.663561 
vn -1.37619e-16 -0.749162 -0.662387 
vn -1.37094e-16 -0.746305 -0.665605 
vn -1.38038e-16 -0.751444 -0.659797 
vn -1.38795e-16 -0.755563 -0.655076 
vn -1.38674e-16 -0.754904 -0.655835 
vn -1.38145e-16 -0.752028 -0.659131 
vn -1.39204e-16 -0.757791 -0.652497 
vn -1.39306e-16 -0.758347 -0.651851 
vn -1.3811e-16 -0.751833 -0.659353 
vn -1.40176e-16 -0.763084 -0.646299 
vn -1.40271e-16 -0.763602 -0.645687 
vn -1.39737e-16 -0.76069 -0.649115 
vn -1.40577e-16 -0.765264 -0.643716 
vn -1.39483e-16 -0.759312 -0.650726 
vn -1.41575e-16 -0.7707 -0.637198 
vn -1.41349e-16 -0.769468 -0.638685 
vn -1.40809e-16 -0.766528 -0.642211 
vn -1.41851e-16 -0.7722 -0.63538 
vn -1.40873e-16 -0.766879 -0.641791 
vn -1.42844e-16 -0.777607 -0.628751 
vn -1.42438e-16 -0.775398 -0.631473 
vn -1.41892e-16 -0.772425 -0.635106 
vn -1.42988e-16 -0.77839 -0.627782 
vn -1.43129e-16 -0.779159 -0.626827 
vn -1.42209e-16 -0.774152 -0.632999 
vn -1.44115e-16 -0.784524 -0.620099 
vn -1.44098e-16 -0.784431 -0.620216 
vn -1.43541e-16 -0.7814 -0.62403 
vn -1.44413e-16 -0.786145 -0.618042 
vn -1.43479e-16 -0.781064 -0.624451 
vn -1.45388e-16 -0.791456 -0.611226 
vn -1.45224e-16 -0.79056 -0.612384 
vn -1.44659e-16 -0.787484 -0.616335 
vn -1.45702e-16 -0.793165 -0.609007 
vn -1.44751e-16 -0.787988 -0.615691 
vn -1.46665e-16 -0.798407 -0.602118 
vn -1.46367e-16 -0.796787 -0.604261 
vn -1.45793e-16 -0.793661 -0.608361 
vn -1.46947e-16 -0.79994 -0.60008 
vn -1.46998e-16 -0.80022 -0.599706 
vn -1.46026e-16 -0.794929 -0.606702 
vn -1.47946e-16 -0.805381 -0.592758 
vn -1.48121e-16 -0.806335 -0.591459 
vn -1.47531e-16 -0.803122 -0.595814 
vn -1.48302e-16 -0.807318 -0.590117 
vn -1.47305e-16 -0.801891 -0.59747 
vn -1.49232e-16 -0.81238 -0.583128 
vn -1.4932e-16 -0.812859 -0.582461 
vn -1.48717e-16 -0.80958 -0.58701 
vn -1.49614e-16 -0.81446 -0.58022 
vn -1.48588e-16 -0.808877 -0.587978 
vn -1.50523e-16 -0.819408 -0.57321 
vn -1.50545e-16 -0.819526 -0.573042 
vn -1.49929e-16 -0.816173 -0.577807 
vn -1.50935e-16 -0.821651 -0.569991 
vn -1.49877e-16 -0.81589 -0.578206 
vn -1.5182e-16 -0.826469 -0.562983 
vn -1.51799e-16 -0.826354 -0.563152 
vn -1.51168e-16 -0.822919 -0.568159 
vn -1.52266e-16 -0.828895 -0.559404 
vn -1.51171e-16 -0.822934 -0.568136 
vn -1.5339e-16 -0.835016 -0.550225 
vn -1.53123e-16 -0.833563 -0.552424 
vn -1.53607e-16 -0.836196 -0.548431 
vn -1.53086e-16 -0.833359 -0.552731 
vn -1.52438e-16 -0.829833 -0.558012 
vn -1.52471e-16 -0.830011 -0.557747 
vn -1.54461e-16 -0.840848 -0.541272 
vn -1.5419e-16 -0.839374 -0.543554 
vn -1.53789e-16 -0.837188 -0.546914 
vn -1.54594e-16 -0.841573 -0.540143 
vn -1.54959e-16 -0.843555 -0.537043 
vn -1.53803e-16 -0.837264 -0.546798 
vn -1.55794e-16 -0.848103 -0.529832 
vn -1.5541e-16 -0.846014 -0.533161 
vn -1.55001e-16 -0.843786 -0.536679 
vn -1.55822e-16 -0.848257 -0.529585 
vn -1.56237e-16 -0.850515 -0.525951 
vn -1.56322e-16 -0.850975 -0.525206 
vn -1.55125e-16 -0.84446 -0.535619 
vn -1.5715e-16 -0.855485 -0.517828 
vn -1.57076e-16 -0.85508 -0.518497 
vn -1.56655e-16 -0.852789 -0.522256 
vn -1.57499e-16 -0.857387 -0.514672 
vn -1.57696e-16 -0.858458 -0.512884 
vn -1.56469e-16 -0.851777 -0.523905 
vn -1.58531e-16 -0.863004 -0.505196 
vn -1.58357e-16 -0.862055 -0.506815 
vn -1.57927e-16 -0.859712 -0.510779 
vn -1.58791e-16 -0.864417 -0.502776 
vn -1.59082e-16 -0.866004 -0.500037 
vn -1.57837e-16 -0.859227 -0.511595 
vn -1.5994e-16 -0.870674 -0.491861 
vn -1.59669e-16 -0.869197 -0.494466 
vn -1.59228e-16 -0.866797 -0.498661 
vn -1.60113e-16 -0.871617 -0.490187 
vn -1.6048e-16 -0.873613 -0.486621 
vn -1.59232e-16 -0.86682 -0.498621 
vn -1.61379e-16 -0.878504 -0.477734 
vn -1.61014e-16 -0.876521 -0.481364 
vn -1.60562e-16 -0.874058 -0.485821 
vn -1.61471e-16 -0.879005 -0.476813 
vn -1.61889e-16 -0.881282 -0.47259 
vn -1.60656e-16 -0.874568 -0.484902 
vn -1.62849e-16 -0.886507 -0.462715 
vn -1.62396e-16 -0.884041 -0.467409 
vn -1.61931e-16 -0.881511 -0.472163 
vn -1.62865e-16 -0.886595 -0.462547 
vn -1.63308e-16 -0.889008 -0.457892 
vn -1.6211e-16 -0.882484 -0.470343 
vn -1.64273e-16 -0.894261 -0.447546 
vn -1.63817e-16 -0.891776 -0.452477 
vn -1.63338e-16 -0.889173 -0.457571 
vn -1.64299e-16 -0.894404 -0.447259 
vn -1.64737e-16 -0.896784 -0.442468 
vn -1.63596e-16 -0.890576 -0.454834 
vn -1.65629e-16 -0.901641 -0.432485 
vn -1.6528e-16 -0.899741 -0.436424 
vn -1.64787e-16 -0.897059 -0.44191 
vn -1.65777e-16 -0.90245 -0.430794 
vn -1.66173e-16 -0.904602 -0.426258 
vn -1.64951e-16 -0.89795 -0.440098 
vn -1.66986e-16 -0.909027 -0.416737 
vn -1.66788e-16 -0.907953 -0.419072 
vn -1.6628e-16 -0.905187 -0.425013 
vn -1.67302e-16 -0.910748 -0.412962 
vn -1.67614e-16 -0.912448 -0.409192 
vn -1.66307e-16 -0.905334 -0.4247 
vn -1.69018e-16 -0.920089 -0.391709 
vn -1.68345e-16 -0.916427 -0.400201 
vn -1.67821e-16 -0.913573 -0.406676 
vn -1.68875e-16 -0.919312 -0.393529 
vn -1.69058e-16 -0.920307 -0.391197 
vn -1.67664e-16 -0.912719 -0.408588 
vn -1.68341e-16 -0.916407 -0.400248 
vn -1.70366e-16 -0.927428 -0.374002 
vn -1.69952e-16 -0.925175 -0.379541 
vn -1.69411e-16 -0.922228 -0.386646 
vn -1.70499e-16 -0.928153 -0.372199 
vn -1.705e-16 -0.928156 -0.372191 
vn -1.69693e-16 -0.923764 -0.382963 
vn -1.71704e-16 -0.934712 -0.355407 
vn -1.7161e-16 -0.934202 -0.356745 
vn -1.71052e-16 -0.931162 -0.364606 
vn -1.71934e-16 -0.935968 -0.352086 
vn -1.71036e-16 -0.931078 -0.36482 
vn -1.73027e-16 -0.941914 -0.335854 
vn -1.73318e-16 -0.9435 -0.331372 
vn -1.72743e-16 -0.940372 -0.340149 
vn -1.73356e-16 -0.943706 -0.330786 
vn -1.72368e-16 -0.938325 -0.345754 
vn -1.72174e-16 -0.937272 -0.348599 
vn -1.74482e-16 -0.949837 -0.312747 
vn -1.74329e-16 -0.949002 -0.315271 
vn -1.74756e-16 -0.951326 -0.308187 
vn -1.73681e-16 -0.945475 -0.325696 
vn -1.73898e-16 -0.946656 -0.322247 
vn -1.75663e-16 -0.956264 -0.292505 
vn -1.75602e-16 -0.955935 -0.29358 
vn -1.76123e-16 -0.958771 -0.284179 
vn -1.7497e-16 -0.95249 -0.304569 
vn -1.75071e-16 -0.95304 -0.302843 
vn -1.76258e-16 -0.959503 -0.281697 
vn -1.76226e-16 -0.959328 -0.282293 
vn -1.76839e-16 -0.962665 -0.270697 
vn -1.76855e-16 -0.962754 -0.27038 
vn -1.7744e-16 -0.965936 -0.258782 
vn -6.83217e-17 -0.371926 -0.928262 
vn -1.83697e-16 -1 0 
vn 1 0 0 
vn -1 1.22465e-16 0 
vn 0.959503 0 -0.281697 
vn 0.962754 0 -0.27038 
vn 0.958771 0 -0.284179 
vn 0.965936 0 -0.258782 
vn 0.95304 0 -0.302843 
vn 0.951326 0 -0.308187 
vn 0.956264 0 -0.292505 
vn 0.958771 0 -0.284179 
vn 0.946656 0 -0.322247 
vn 0.943706 0 -0.330786 
vn 0.949837 0 -0.312747 
vn 0.951326 0 -0.308187 
vn 0.935968 0 -0.352086 
vn 0.940372 0 -0.340149 
vn 0.937272 0 -0.348599 
vn 0.9435 0 -0.331372 
vn 0.940372 0 -0.340149 
vn 0.943706 0 -0.330786 
vn 0.934202 0 -0.356745 
vn 0.931162 0 -0.364606 
vn 0.935968 0 -0.352086 
vn 0.928156 0 -0.372191 
vn 0.931162 0 -0.364606 
vn 0.928153 0 -0.372199 
vn 0.925175 0 -0.379541 
vn 0.922228 0 -0.386646 
vn 0.928153 0 -0.372199 
vn 0.920307 0 -0.391197 
vn 0.922228 0 -0.386646 
vn 0.925175 0 -0.379541 
vn 0.919312 0 -0.393529 
vn 0.916427 0 -0.400201 
vn 0.913573 0 -0.406676 
vn 0.919312 0 -0.393529 
vn 0.912448 0 -0.409192 
vn 0.913573 0 -0.406676 
vn 0.916427 0 -0.400201 
vn 0.910748 0 -0.412962 
vn 0.907953 0 -0.419072 
vn 0.905187 0 -0.425013 
vn 0.910748 0 -0.412962 
vn 0.904602 0 -0.426258 
vn 0.905187 0 -0.425013 
vn 0.907953 0 -0.419072 
vn 0.896784 0 -0.442468 
vn 0.899741 0 -0.436424 
vn 0.897059 0 -0.44191 
vn 0.90245 0 -0.430794 
vn 0.899741 0 -0.436424 
vn 0.894404 0 -0.447259 
vn 0.891776 0 -0.452477 
vn 0.889173 0 -0.457571 
vn 0.894404 0 -0.447259 
vn 0.896784 0 -0.442468 
vn 0.889008 0 -0.457892 
vn 0.889173 0 -0.457571 
vn 0.891776 0 -0.452477 
vn 0.881282 0 -0.47259 
vn 0.884041 0 -0.467409 
vn 0.881511 0 -0.472163 
vn 0.886595 0 -0.462547 
vn 0.884041 0 -0.467409 
vn 0.873613 0 -0.486621 
vn 0.876521 0 -0.481364 
vn 0.874058 0 -0.485821 
vn 0.879005 0 -0.476813 
vn 0.876521 0 -0.481364 
vn 0.881282 0 -0.47259 
vn 0.871617 0 -0.490187 
vn 0.869197 0 -0.494466 
vn 0.866797 0 -0.498661 
vn 0.871617 0 -0.490187 
vn 0.873613 0 -0.486621 
vn 0.866004 0 -0.500037 
vn 0.866797 0 -0.498661 
vn 0.869197 0 -0.494466 
vn 0.858458 0 -0.512884 
vn 0.862055 0 -0.506815 
vn 0.859712 0 -0.510779 
vn 0.864417 0 -0.502776 
vn 0.862055 0 -0.506815 
vn 0.850975 0 -0.525206 
vn 0.85508 0 -0.518497 
vn 0.852789 0 -0.522256 
vn 0.857387 0 -0.514672 
vn 0.85508 0 -0.518497 
vn 0.858458 0 -0.512884 
vn 0.850515 0 -0.525951 
vn 0.846014 0 -0.533161 
vn 0.843786 0 -0.536679 
vn 0.848257 0 -0.529585 
vn 0.850515 0 -0.525951 
vn 0.850975 0 -0.525206 
vn 0.843555 0 -0.537043 
vn 0.843786 0 -0.536679 
vn 0.846014 0 -0.533161 
vn 0.848257 0 -0.529585 
vn 0.836196 0 -0.548431 
vn 0.839374 0 -0.543554 
vn 0.837188 0 -0.546914 
vn 0.841573 0 -0.540143 
vn 0.839374 0 -0.543554 
vn 0.835016 0 -0.550225 
vn 0.833359 0 -0.552731 
vn 0.836196 0 -0.548431 
vn 0.829833 0 -0.558012 
vn 0.828895 0 -0.559404 
vn 0.826354 0 -0.563152 
vn 0.822919 0 -0.568159 
vn 0.828895 0 -0.559404 
vn 0.821651 0 -0.569991 
vn 0.822919 0 -0.568159 
vn 0.81446 0 -0.58022 
vn 0.819526 0 -0.573042 
vn 0.816173 0 -0.577807 
vn 0.812859 0 -0.582461 
vn 0.80958 0 -0.58701 
vn 0.81446 0 -0.58022 
vn 0.807318 0 -0.590117 
vn 0.80958 0 -0.58701 
vn 0.80022 0 -0.599706 
vn 0.806335 0 -0.591459 
vn 0.803122 0 -0.595814 
vn 0.793165 0 -0.609007 
vn 0.796787 0 -0.604261 
vn 0.793661 0 -0.608361 
vn 0.79994 0 -0.60008 
vn 0.80022 0 -0.599706 
vn 0.793661 0 -0.608361 
vn 0.796787 0 -0.604261 
vn 0.79056 0 -0.612384 
vn 0.787484 0 -0.616335 
vn 0.793165 0 -0.609007 
vn 0.786145 0 -0.618042 
vn 0.787484 0 -0.616335 
vn 0.784431 0 -0.620216 
vn 0.7814 0 -0.62403 
vn 0.779159 0 -0.626827 
vn 0.77839 0 -0.627782 
vn 0.775398 0 -0.631473 
vn 0.772425 0 -0.635106 
vn 0.77839 0 -0.627782 
vn 0.7722 0 -0.63538 
vn 0.772425 0 -0.635106 
vn 0.775398 0 -0.631473 
vn 0.765264 0 -0.643716 
vn 0.769468 0 -0.638685 
vn 0.766528 0 -0.642211 
vn 0.763602 0 -0.645687 
vn 0.76069 0 -0.649115 
vn 0.765264 0 -0.643716 
vn 0.758347 0 -0.651851 
vn 0.76069 0 -0.649115 
vn 0.757791 0 -0.652497 
vn 0.754904 0 -0.655835 
vn 0.752028 0 -0.659131 
vn 0.757791 0 -0.652497 
vn 0.751444 0 -0.659797 
vn 0.752028 0 -0.659131 
vn 0.754904 0 -0.655835 
vn 0.749162 0 -0.662387 
vn 0.746305 0 -0.665605 
vn 0.74455 0 -0.667567 
vn 0.73766 0 -0.675173 
vn 0.740614 0 -0.67193 
vn 0.737779 0 -0.675042 
vn 0.743456 0 -0.668785 
vn 0.740614 0 -0.67193 
vn 0.73495 0 -0.678121 
vn 0.732126 0 -0.68117 
vn 0.73766 0 -0.675173 
vn 0.730768 0 -0.682625 
vn 0.732126 0 -0.68117 
vn 0.729305 0 -0.684189 
vn 0.726488 0 -0.687179 
vn 0.725784 0 -0.687923 
vn 0.723871 0 -0.689935 
vn 0.726488 0 -0.687179 
vn 0.716963 0 -0.697112 
vn 0.722308 0 -0.691572 
vn 0.718841 0 -0.695174 
vn 0.715383 0 -0.698733 
vn 0.711931 0 -0.702249 
vn 0.716963 0 -0.697112 
vn 0.710037 0 -0.704164 
vn 0.711931 0 -0.702249 
vn 0.703089 0 -0.711101 
vn 0.708484 0 -0.705727 
vn 0.70504 0 -0.709167 
vn 0.701598 0 -0.712573 
vn 0.698156 0 -0.715945 
vn 0.703089 0 -0.711101 
vn 0.696114 0 -0.717932 
vn 0.698156 0 -0.715945 
vn 0.694714 0 -0.719287 
vn 0.691268 0 -0.722599 
vn 0.689104 0 -0.724663 
vn 0.682053 0 -0.731303 
vn 0.687818 0 -0.725884 
vn 0.684361 0 -0.729143 
vn 0.680898 0 -0.732379 
vn 0.677425 0 -0.735592 
vn 0.682053 0 -0.731303 
vn 0.674955 0 -0.737859 
vn 0.677425 0 -0.735592 
vn 0.667803 0 -0.744338 
vn 0.673941 0 -0.738785 
vn 0.670444 0 -0.74196 
vn 0.666934 0 -0.745117 
vn 0.663407 0 -0.748259 
vn 0.667803 0 -0.744338 
vn 0.660589 0 -0.750747 
vn 0.663407 0 -0.748259 
vn 0.659862 0 -0.751387 
vn 0.656297 0 -0.754503 
vn 0.653306 0 -0.757094 
vn 0.645944 0 -0.763385 
vn 0.65271 0 -0.757608 
vn 0.649099 0 -0.760704 
vn 0.645461 0 -0.763793 
vn 0.645944 0 -0.763385 
vn 0.641795 0 -0.766876 
vn 0.638494 0 -0.769627 
vn 0.638097 0 -0.769956 
vn 0.634366 0 -0.773033 
vn 0.630946 0 -0.775827 
vn 0.630598 0 -0.77611 
vn 0.62679 0 -0.779188 
vn 0.623289 0 -0.781992 
vn 0.62294 0 -0.78227 
vn 0.619044 0 -0.785357 
vn 0.61551 0 -0.788129 
vn 0.615098 0 -0.788451 
vn 0.611098 0 -0.791555 
vn 0.60813 0 -0.793837 
vn 0.61551 0 -0.788129 
vn 0.607597 0 -0.794245 
vn 0.60813 0 -0.793837 
vn 0.611098 0 -0.791555 
vn 0.599747 0 -0.80019 
vn 0.603964 0 -0.797011 
vn 0.599535 0 -0.800349 
vn 0.599747 0 -0.80019 
vn 0.595474 0 -0.803374 
vn 0.599535 0 -0.800349 
vn 0.591306 0 -0.806447 
vn 0.591142 0 -0.806568 
vn 0.586745 0 -0.809772 
vn 0.582893 0 -0.812549 
vn 0.582279 0 -0.812989 
vn 0.577739 0 -0.816222 
vn 0.574275 0 -0.818662 
vn 0.573118 0 -0.819473 
vn 0.56841 0 -0.822745 
vn 0.565428 0 -0.824798 
vn 0.558706 0 -0.829366 
vn 0.563609 0 -0.826042 
vn 0.556326 0 -0.830964 
vn 0.558706 0 -0.829366 
vn 0.548562 0 -0.83611 
vn 0.553694 0 -0.83272 
vn 0.546939 0 -0.837172 
vn 0.548562 0 -0.83611 
vn 0.537897 0 -0.84301 
vn 0.5433 0 -0.839539 
vn 0.537232 0 -0.843434 
vn 0.537897 0 -0.84301 
vn 0.53234 0 -0.846531 
vn 0.527167 0 -0.849762 
vn 0.520702 0 -0.853738 
vn 0.526614 0 -0.850105 
vn 0.516697 0 -0.856168 
vn 0.520702 0 -0.853738 
vn 0.508245 0 -0.861213 
vn 0.514586 0 -0.857439 
vn 0.50577 0 -0.862668 
vn 0.508245 0 -0.861213 
vn 0.494325 0 -0.869277 
vn 0.501654 0 -0.865068 
vn 0.495518 0 -0.868598 
vn 0.50577 0 -0.862668 
vn 0.494325 0 -0.869277 
vn 0.482707 0 -0.875782 
vn 0.489207 0 -0.872168 
vn 0.482292 0 -0.87601 
vn 0.482707 0 -0.875782 
vn 0.476004 0 -0.879443 
vn 0.469587 0 -0.882886 
vn 0.482292 0 -0.87601 
vn 0.461925 0 -0.886919 
vn 0.469083 0 -0.883154 
vn 0.456113 0 -0.889922 
vn 0.461925 0 -0.886919 
vn 0.446821 0 -0.894623 
vn 0.454511 0 -0.890741 
vn 0.441754 0 -0.897136 
vn 0.446821 0 -0.894623 
vn 0.430514 0 -0.902584 
vn 0.43883 0 -0.89857 
vn 0.426376 0 -0.904546 
vn 0.430514 0 -0.902584 
vn 0.412786 0 -0.910828 
vn 0.421843 0 -0.906669 
vn 0.409815 0 -0.912168 
vn 0.412786 0 -0.910828 
vn 0.393367 0 -0.919381 
vn 0.403307 0 -0.915065 
vn 0.391886 0 -0.920014 
vn 0.393367 0 -0.919381 
vn 0.382923 0 -0.92378 
vn 0.371926 0 -0.928262 
vn -0.959503 1.17505e-16 -0.281697 
vn -0.962754 1.17903e-16 -0.27038 
vn -0.962665 1.17892e-16 -0.270697 
vn -0.959328 1.17484e-16 -0.282293 
vn -0.958771 1.17416e-16 -0.284179 
vn -0.965936 1.18293e-16 -0.258782 
vn -0.95249 1.16646e-16 -0.304569 
vn -0.951326 1.16504e-16 -0.308187 
vn -0.95304 1.16714e-16 -0.302843 
vn -0.955935 1.17068e-16 -0.29358 
vn -0.956264 1.17109e-16 -0.292505 
vn -0.958771 1.17416e-16 -0.284179 
vn -0.945475 1.15787e-16 -0.325696 
vn -0.943706 1.15571e-16 -0.330786 
vn -0.946656 1.15932e-16 -0.322247 
vn -0.949002 1.16219e-16 -0.315271 
vn -0.949837 1.16321e-16 -0.312747 
vn -0.951326 1.16504e-16 -0.308187 
vn -0.938325 1.14912e-16 -0.345754 
vn -0.935968 1.14623e-16 -0.352086 
vn -0.937272 1.14783e-16 -0.348599 
vn -0.941914 1.15351e-16 -0.335854 
vn -0.9435 1.15545e-16 -0.331372 
vn -0.943706 1.15571e-16 -0.330786 
vn -0.940372 1.15162e-16 -0.340149 
vn -0.928156 1.13666e-16 -0.372191 
vn -0.934712 1.14469e-16 -0.355407 
vn -0.931078 1.14024e-16 -0.36482 
vn -0.934202 1.14407e-16 -0.356745 
vn -0.931162 1.14034e-16 -0.364606 
vn -0.935968 1.14623e-16 -0.352086 
vn -0.920307 1.12705e-16 -0.391197 
vn -0.927428 1.13577e-16 -0.374002 
vn -0.923764 1.13128e-16 -0.382963 
vn -0.928153 1.13666e-16 -0.372199 
vn -0.928156 1.13666e-16 -0.372191 
vn -0.922228 1.1294e-16 -0.386646 
vn -0.925175 1.13301e-16 -0.379541 
vn -0.912448 1.11743e-16 -0.409192 
vn -0.916407 1.12227e-16 -0.400248 
vn -0.912719 1.11776e-16 -0.408588 
vn -0.920089 1.12678e-16 -0.391709 
vn -0.919312 1.12583e-16 -0.393529 
vn -0.913573 1.1188e-16 -0.406676 
vn -0.916427 1.1223e-16 -0.400201 
vn -0.920307 1.12705e-16 -0.391197 
vn -0.904602 1.10782e-16 -0.426258 
vn -0.909027 1.11324e-16 -0.416737 
vn -0.905334 1.10871e-16 -0.4247 
vn -0.910748 1.11534e-16 -0.412962 
vn -0.912448 1.11743e-16 -0.409192 
vn -0.905187 1.10853e-16 -0.425013 
vn -0.907953 1.11192e-16 -0.419072 
vn -0.896784 1.09824e-16 -0.442468 
vn -0.901641 1.10419e-16 -0.432485 
vn -0.89795 1.09967e-16 -0.440098 
vn -0.90245 1.10518e-16 -0.430794 
vn -0.904602 1.10782e-16 -0.426258 
vn -0.897059 1.09858e-16 -0.44191 
vn -0.899741 1.10186e-16 -0.436424 
vn -0.894261 1.09515e-16 -0.447546 
vn -0.894404 1.09533e-16 -0.447259 
vn -0.889008 1.08872e-16 -0.457892 
vn -0.889173 1.08892e-16 -0.457571 
vn -0.891776 1.09211e-16 -0.452477 
vn -0.896784 1.09824e-16 -0.442468 
vn -0.890576 1.09064e-16 -0.454834 
vn -0.881282 1.07926e-16 -0.47259 
vn -0.886507 1.08566e-16 -0.462715 
vn -0.882484 1.08073e-16 -0.470343 
vn -0.886595 1.08577e-16 -0.462547 
vn -0.881511 1.07954e-16 -0.472163 
vn -0.884041 1.08264e-16 -0.467409 
vn -0.889008 1.08872e-16 -0.457892 
vn -0.873613 1.06987e-16 -0.486621 
vn -0.878504 1.07586e-16 -0.477734 
vn -0.874568 1.07104e-16 -0.484902 
vn -0.879005 1.07647e-16 -0.476813 
vn -0.874058 1.07041e-16 -0.485821 
vn -0.876521 1.07343e-16 -0.481364 
vn -0.881282 1.07926e-16 -0.47259 
vn -0.866004 1.06055e-16 -0.500037 
vn -0.870674 1.06627e-16 -0.491861 
vn -0.86682 1.06155e-16 -0.498621 
vn -0.871617 1.06742e-16 -0.490187 
vn -0.873613 1.06987e-16 -0.486621 
vn -0.866797 1.06152e-16 -0.498661 
vn -0.869197 1.06446e-16 -0.494466 
vn -0.858458 1.05131e-16 -0.512884 
vn -0.863004 1.05688e-16 -0.505196 
vn -0.859227 1.05225e-16 -0.511595 
vn -0.864417 1.0586e-16 -0.502776 
vn -0.866004 1.06055e-16 -0.500037 
vn -0.859712 1.05284e-16 -0.510779 
vn -0.862055 1.05571e-16 -0.506815 
vn -0.850975 1.04214e-16 -0.525206 
vn -0.855485 1.04767e-16 -0.517828 
vn -0.851777 1.04313e-16 -0.523905 
vn -0.857387 1.05e-16 -0.514672 
vn -0.858458 1.05131e-16 -0.512884 
vn -0.852789 1.04437e-16 -0.522256 
vn -0.85508 1.04717e-16 -0.518497 
vn -0.843555 1.03306e-16 -0.537043 
vn -0.848103 1.03863e-16 -0.529832 
vn -0.84446 1.03417e-16 -0.535619 
vn -0.850515 1.04158e-16 -0.525951 
vn -0.850975 1.04214e-16 -0.525206 
vn -0.843786 1.03334e-16 -0.536679 
vn -0.846014 1.03607e-16 -0.533161 
vn -0.848257 1.03881e-16 -0.529585 
vn -0.836196 1.02404e-16 -0.548431 
vn -0.840848 1.02974e-16 -0.541272 
vn -0.837264 1.02535e-16 -0.546798 
vn -0.841573 1.03063e-16 -0.540143 
vn -0.843555 1.03306e-16 -0.537043 
vn -0.837188 1.02526e-16 -0.546914 
vn -0.839374 1.02794e-16 -0.543554 
vn -0.828895 1.0151e-16 -0.559404 
vn -0.833563 1.02082e-16 -0.552424 
vn -0.830011 1.01647e-16 -0.557747 
vn -0.835016 1.0226e-16 -0.550225 
vn -0.836196 1.02404e-16 -0.548431 
vn -0.833359 1.02057e-16 -0.552731 
vn -0.829833 1.01625e-16 -0.558012 
vn -0.821651 1.00623e-16 -0.569991 
vn -0.826469 1.01213e-16 -0.562983 
vn -0.822934 1.0078e-16 -0.568136 
vn -0.826354 1.01199e-16 -0.563152 
vn -0.822919 1.00778e-16 -0.568159 
vn -0.828895 1.0151e-16 -0.559404 
vn -0.81446 9.97426e-17 -0.58022 
vn -0.819408 1.00349e-16 -0.57321 
vn -0.81589 9.99178e-17 -0.578206 
vn -0.819526 1.00363e-16 -0.573042 
vn -0.821651 1.00623e-16 -0.569991 
vn -0.816173 9.99524e-17 -0.577807 
vn -0.807318 9.88679e-17 -0.590117 
vn -0.81238 9.94879e-17 -0.583128 
vn -0.808877 9.90589e-17 -0.587978 
vn -0.812859 9.95465e-17 -0.582461 
vn -0.81446 9.97426e-17 -0.58022 
vn -0.80958 9.91449e-17 -0.58701 
vn -0.80022 9.79987e-17 -0.599706 
vn -0.805381 9.86307e-17 -0.592758 
vn -0.801891 9.82033e-17 -0.59747 
vn -0.806335 9.87475e-17 -0.591459 
vn -0.807318 9.88679e-17 -0.590117 
vn -0.803122 9.83541e-17 -0.595814 
vn -0.793165 9.71346e-17 -0.609007 
vn -0.798407 9.77767e-17 -0.602118 
vn -0.794929 9.73508e-17 -0.606702 
vn -0.79994 9.79644e-17 -0.60008 
vn -0.80022 9.79987e-17 -0.599706 
vn -0.793661 9.71954e-17 -0.608361 
vn -0.796787 9.75782e-17 -0.604261 
vn -0.786145 9.6275e-17 -0.618042 
vn -0.791456 9.69254e-17 -0.611226 
vn -0.787988 9.65007e-17 -0.615691 
vn -0.79056 9.68157e-17 -0.612384 
vn -0.787484 9.6439e-17 -0.616335 
vn -0.793165 9.71346e-17 -0.609007 
vn -0.779159 9.54194e-17 -0.626827 
vn -0.784524 9.60765e-17 -0.620099 
vn -0.781064 9.56527e-17 -0.624451 
vn -0.784431 9.60651e-17 -0.620216 
vn -0.7814 9.56939e-17 -0.62403 
vn -0.786145 9.6275e-17 -0.618042 
vn -0.7722 9.45672e-17 -0.63538 
vn -0.777607 9.52293e-17 -0.628751 
vn -0.774152 9.48063e-17 -0.632999 
vn -0.77839 9.53252e-17 -0.627782 
vn -0.779159 9.54194e-17 -0.626827 
vn -0.772425 9.45947e-17 -0.635106 
vn -0.775398 9.49589e-17 -0.631473 
vn -0.7707 9.43835e-17 -0.637198 
vn -0.769468 9.42327e-17 -0.638685 
vn -0.765264 9.37178e-17 -0.643716 
vn -0.766528 9.38726e-17 -0.642211 
vn -0.7722 9.45672e-17 -0.63538 
vn -0.766879 9.39156e-17 -0.641791 
vn -0.758347 9.28707e-17 -0.651851 
vn -0.763084 9.34508e-17 -0.646299 
vn -0.759312 9.2989e-17 -0.650726 
vn -0.763602 9.35143e-17 -0.645687 
vn -0.765264 9.37178e-17 -0.643716 
vn -0.76069 9.31577e-17 -0.649115 
vn -0.751444 9.20253e-17 -0.659797 
vn -0.755563 9.25298e-17 -0.655076 
vn -0.751833 9.2073e-17 -0.659353 
vn -0.757791 9.28027e-17 -0.652497 
vn -0.758347 9.28707e-17 -0.651851 
vn -0.752028 9.20969e-17 -0.659131 
vn -0.754904 9.24491e-17 -0.655835 
vn -0.749162 9.17458e-17 -0.662387 
vn -0.751444 9.20253e-17 -0.659797 
vn -0.748122 9.16186e-17 -0.663561 
vn -0.74455 9.1181e-17 -0.667567 
vn -0.746305 9.1396e-17 -0.665605 
vn -0.73766 9.03372e-17 -0.675173 
vn -0.744428 9.11662e-17 -0.667702 
vn -0.740749 9.07156e-17 -0.671782 
vn -0.743456 9.10471e-17 -0.668785 
vn -0.737779 9.03519e-17 -0.675042 
vn -0.740614 9.06991e-17 -0.67193 
vn -0.74455 9.1181e-17 -0.667567 
vn -0.730768 8.94933e-17 -0.682625 
vn -0.737084 9.02668e-17 -0.675801 
vn -0.733431 8.98194e-17 -0.679764 
vn -0.73495 9.00054e-17 -0.678121 
vn -0.732126 8.96595e-17 -0.68117 
vn -0.73766 9.03372e-17 -0.675173 
vn -0.723871 8.86486e-17 -0.689935 
vn -0.729789 8.93733e-17 -0.683673 
vn -0.726155 8.89284e-17 -0.687531 
vn -0.729305 8.93141e-17 -0.684189 
vn -0.725784 8.88829e-17 -0.687923 
vn -0.726488 8.89691e-17 -0.687179 
vn -0.730768 8.94933e-17 -0.682625 
vn -0.716963 8.78026e-17 -0.697112 
vn -0.72253 8.84844e-17 -0.69134 
vn -0.718911 8.80412e-17 -0.695102 
vn -0.722308 8.84572e-17 -0.691572 
vn -0.718841 8.80327e-17 -0.695174 
vn -0.723871 8.86486e-17 -0.689935 
vn -0.710037 8.69545e-17 -0.704164 
vn -0.715297 8.75986e-17 -0.698821 
vn -0.711686 8.71564e-17 -0.702497 
vn -0.715383 8.76091e-17 -0.698733 
vn -0.716963 8.78026e-17 -0.697112 
vn -0.711931 8.71864e-17 -0.702249 
vn -0.703089 8.61036e-17 -0.711101 
vn -0.708078 8.67145e-17 -0.706134 
vn -0.70447 8.62727e-17 -0.709733 
vn -0.708484 8.67643e-17 -0.705727 
vn -0.710037 8.69545e-17 -0.704164 
vn -0.70504 8.63425e-17 -0.709167 
vn -0.696114 8.52493e-17 -0.717932 
vn -0.700862 8.58309e-17 -0.713297 
vn -0.697252 8.53888e-17 -0.716826 
vn -0.701598 8.5921e-17 -0.712573 
vn -0.703089 8.61036e-17 -0.711101 
vn -0.698156 8.54995e-17 -0.715945 
vn -0.689104 8.43909e-17 -0.724663 
vn -0.693639 8.49463e-17 -0.720323 
vn -0.690021 8.45032e-17 -0.72379 
vn -0.694714 8.50779e-17 -0.719287 
vn -0.696114 8.52493e-17 -0.717932 
vn -0.691268 8.46559e-17 -0.722599 
vn -0.682053 8.35274e-17 -0.731303 
vn -0.686396 8.40593e-17 -0.727228 
vn -0.682764 8.36145e-17 -0.730639 
vn -0.687818 8.42334e-17 -0.725884 
vn -0.689104 8.43909e-17 -0.724663 
vn -0.684361 8.38101e-17 -0.729143 
vn -0.674955 8.26582e-17 -0.737859 
vn -0.679123 8.31686e-17 -0.734024 
vn -0.675471 8.27214e-17 -0.737386 
vn -0.680898 8.33859e-17 -0.732379 
vn -0.682053 8.35274e-17 -0.731303 
vn -0.677425 8.29606e-17 -0.735592 
vn -0.667803 8.17823e-17 -0.744338 
vn -0.671807 8.22727e-17 -0.740726 
vn -0.66813 8.18223e-17 -0.744045 
vn -0.673941 8.2534e-17 -0.738785 
vn -0.674955 8.26582e-17 -0.737859 
vn -0.670444 8.21058e-17 -0.74196 
vn -0.660589 8.08989e-17 -0.750747 
vn -0.664437 8.137e-17 -0.747345 
vn -0.660726 8.09156e-17 -0.750627 
vn -0.666934 8.16758e-17 -0.745117 
vn -0.667803 8.17823e-17 -0.744338 
vn -0.663407 8.12439e-17 -0.748259 
vn -0.659862 8.08098e-17 -0.751387 
vn -0.660589 8.08989e-17 -0.750747 
vn -0.656997 8.04589e-17 -0.753893 
vn -0.653306 8.00069e-17 -0.757094 
vn -0.656297 8.03732e-17 -0.754503 
vn -0.645944 7.91053e-17 -0.763385 
vn -0.653247 7.99997e-17 -0.757145 
vn -0.649476 7.95378e-17 -0.760382 
vn -0.65271 7.99339e-17 -0.757608 
vn -0.649099 7.94917e-17 -0.760704 
vn -0.653306 8.00069e-17 -0.757094 
vn -0.638494 7.81929e-17 -0.769627 
vn -0.64568 7.9073e-17 -0.763608 
vn -0.641859 7.8605e-17 -0.766823 
vn -0.645461 7.90462e-17 -0.763793 
vn -0.641795 7.85972e-17 -0.766876 
vn -0.645944 7.91053e-17 -0.763385 
vn -0.638097 7.81444e-17 -0.769956 
vn -0.638494 7.81929e-17 -0.769627 
vn -0.638009 7.81336e-17 -0.770029 
vn -0.634366 7.76874e-17 -0.773033 
vn -0.630946 7.72686e-17 -0.775827 
vn -0.634127 7.76582e-17 -0.773229 
vn -0.630598 7.7226e-17 -0.77611 
vn -0.627189 7.68085e-17 -0.778867 
vn -0.624292 7.64537e-17 -0.781191 
vn -0.630076 7.71621e-17 -0.776533 
vn -0.630946 7.72686e-17 -0.775827 
vn -0.623289 7.63309e-17 -0.781992 
vn -0.62679 7.67597e-17 -0.779188 
vn -0.62294 7.62881e-17 -0.78227 
vn -0.618465 7.57401e-17 -0.785813 
vn -0.615533 7.5381e-17 -0.788111 
vn -0.621384 7.60976e-17 -0.783506 
vn -0.61551 7.53783e-17 -0.788129 
vn -0.619044 7.5811e-17 -0.785357 
vn -0.615098 7.53277e-17 -0.788451 
vn -0.612586 7.50202e-17 -0.790404 
vn -0.609625 7.46576e-17 -0.79269 
vn -0.607597 7.44092e-17 -0.794245 
vn -0.60813 7.44745e-17 -0.793837 
vn -0.611098 7.48379e-17 -0.791555 
vn -0.599747 7.34479e-17 -0.80019 
vn -0.603964 7.39643e-17 -0.797011 
vn -0.606648 7.42929e-17 -0.794971 
vn -0.599535 7.34218e-17 -0.800349 
vn -0.603653 7.39262e-17 -0.797247 
vn -0.600639 7.35571e-17 -0.79952 
vn -0.599535 7.34218e-17 -0.800349 
vn -0.597605 7.31855e-17 -0.80179 
vn -0.595474 7.29246e-17 -0.803374 
vn -0.59455 7.28113e-17 -0.804059 
vn -0.591471 7.24343e-17 -0.806326 
vn -0.591306 7.24141e-17 -0.806447 
vn -0.591142 7.2394e-17 -0.806568 
vn -0.588368 7.20543e-17 -0.808593 
vn -0.585239 7.1671e-17 -0.810861 
vn -0.582893 7.13838e-17 -0.812549 
vn -0.586745 7.18556e-17 -0.809772 
vn -0.582279 7.13086e-17 -0.812989 
vn -0.582081 7.12844e-17 -0.813131 
vn -0.578894 7.08941e-17 -0.815403 
vn -0.575675 7.04999e-17 -0.817678 
vn -0.574275 7.03284e-17 -0.818662 
vn -0.577739 7.07526e-17 -0.816222 
vn -0.573118 7.01867e-17 -0.819473 
vn -0.572423 7.01016e-17 -0.819959 
vn -0.569134 6.96988e-17 -0.822245 
vn -0.565808 6.92915e-17 -0.824537 
vn -0.565428 6.9245e-17 -0.824798 
vn -0.56841 6.96102e-17 -0.822745 
vn -0.558706 6.84218e-17 -0.829366 
vn -0.563609 6.90222e-17 -0.826042 
vn -0.562441 6.88791e-17 -0.826838 
vn -0.556326 6.81303e-17 -0.830964 
vn -0.559031 6.84615e-17 -0.829147 
vn -0.548562 6.71794e-17 -0.83611 
vn -0.553694 6.78079e-17 -0.83272 
vn -0.555575 6.80383e-17 -0.831467 
vn -0.546939 6.69807e-17 -0.837172 
vn -0.55207 6.76091e-17 -0.833798 
vn -0.548513 6.71735e-17 -0.836142 
vn -0.546939 6.69807e-17 -0.837172 
vn -0.537897 6.58734e-17 -0.84301 
vn -0.5433 6.65351e-17 -0.839539 
vn -0.544902 6.67312e-17 -0.8385 
vn -0.537232 6.5792e-17 -0.843434 
vn -0.541231 6.62817e-17 -0.840874 
vn -0.537497 6.58244e-17 -0.843266 
vn -0.537232 6.5792e-17 -0.843434 
vn -0.533696 6.5359e-17 -0.845676 
vn -0.53234 6.51928e-17 -0.846531 
vn -0.529824 6.48847e-17 -0.848108 
vn -0.527167 6.45593e-17 -0.849762 
vn -0.520702 6.37676e-17 -0.853738 
vn -0.526614 6.44916e-17 -0.850105 
vn -0.525875 6.44011e-17 -0.850562 
vn -0.516697 6.32771e-17 -0.856168 
vn -0.521844 6.39075e-17 -0.853041 
vn -0.517726 6.34031e-17 -0.855547 
vn -0.516697 6.32771e-17 -0.856168 
vn -0.508245 6.22421e-17 -0.861213 
vn -0.514586 6.30186e-17 -0.857439 
vn -0.513513 6.28871e-17 -0.858082 
vn -0.50577 6.1939e-17 -0.862668 
vn -0.509198 6.23588e-17 -0.860649 
vn -0.504775 6.18171e-17 -0.863251 
vn -0.501654 6.14349e-17 -0.865068 
vn -0.500235 6.12611e-17 -0.86589 
vn -0.495567 6.06895e-17 -0.86857 
vn -0.494325 6.05374e-17 -0.869277 
vn -0.495518 6.06835e-17 -0.868598 
vn -0.482707 5.91146e-17 -0.875782 
vn -0.489207 5.99105e-17 -0.872168 
vn -0.490763 6.01011e-17 -0.871293 
vn -0.482292 5.90638e-17 -0.87601 
vn -0.485809 5.94945e-17 -0.874065 
vn -0.480694 5.88681e-17 -0.876888 
vn -0.469587 5.75078e-17 -0.882886 
vn -0.476004 5.82937e-17 -0.879443 
vn -0.475403 5.82201e-17 -0.879768 
vn -0.469921 5.75487e-17 -0.882709 
vn -0.469587 5.75078e-17 -0.882886 
vn -0.461925 5.65695e-17 -0.886919 
vn -0.469083 5.74461e-17 -0.883154 
vn -0.464227 5.68514e-17 -0.885716 
vn -0.456113 5.58577e-17 -0.889922 
vn -0.458303 5.61259e-17 -0.888796 
vn -0.446821 5.47198e-17 -0.894623 
vn -0.454511 5.56616e-17 -0.890741 
vn -0.452124 5.53692e-17 -0.891955 
vn -0.441754 5.40993e-17 -0.897136 
vn -0.445664 5.45781e-17 -0.8952 
vn -0.430514 5.27228e-17 -0.902584 
vn -0.43883 5.37412e-17 -0.89857 
vn -0.438891 5.37487e-17 -0.89854 
vn -0.426376 5.2216e-17 -0.904546 
vn -0.431771 5.28767e-17 -0.901983 
vn -0.412786 5.05517e-17 -0.910828 
vn -0.421843 5.16609e-17 -0.906669 
vn -0.42426 5.19569e-17 -0.90554 
vn -0.409815 5.01879e-17 -0.912168 
vn -0.416311 5.09834e-17 -0.909222 
vn -0.393367 4.81736e-17 -0.919381 
vn -0.403307 4.93909e-17 -0.915065 
vn -0.407866 4.99492e-17 -0.913042 
vn -0.391886 4.79922e-17 -0.920014 
vn -0.398855 4.88457e-17 -0.917014 
vn -0.371926 4.55478e-17 -0.928262 
vn -0.389197 4.76629e-17 -0.921154 
vn -0.378791 4.63886e-17 -0.925482 
vn -0.371926 4.55478e-17 -0.928262 
vn -0.382923 4.68946e-17 -0.92378 
vn 5.87526e-17 0.959503 -0.281697 
vn 5.89517e-17 0.962754 -0.27038 
vn 5.87078e-17 0.958771 -0.284179 
vn 5.85543e-17 0.956264 -0.292505 
vn 5.83569e-17 0.95304 -0.302843 
vn 5.82519e-17 0.951326 -0.308187 
vn 5.81607e-17 0.949837 -0.312747 
vn 5.79659e-17 0.946656 -0.322247 
vn 5.77853e-17 0.943706 -0.330786 
vn 5.73115e-17 0.935968 -0.352086 
vn 5.75812e-17 0.940372 -0.340149 
vn 5.73913e-17 0.937272 -0.348599 
vn 5.77727e-17 0.9435 -0.331372 
vn 5.75812e-17 0.940372 -0.340149 
vn 5.72034e-17 0.934202 -0.356745 
vn 5.70172e-17 0.931162 -0.364606 
vn 5.73115e-17 0.935968 -0.352086 
vn 5.68332e-17 0.928156 -0.372191 
vn 5.70172e-17 0.931162 -0.364606 
vn 5.6833e-17 0.928153 -0.372199 
vn 5.66506e-17 0.925175 -0.379541 
vn 5.64702e-17 0.922228 -0.386646 
vn 5.6833e-17 0.928153 -0.372199 
vn 5.63526e-17 0.920307 -0.391197 
vn 5.64702e-17 0.922228 -0.386646 
vn 5.66506e-17 0.925175 -0.379541 
vn 5.58713e-17 0.912448 -0.409192 
vn 5.6115e-17 0.916427 -0.400201 
vn 5.59402e-17 0.913573 -0.406676 
vn 5.62916e-17 0.919312 -0.393529 
vn 5.6115e-17 0.916427 -0.400201 
vn 5.53909e-17 0.904602 -0.426258 
vn 5.55961e-17 0.907953 -0.419072 
vn 5.54267e-17 0.905187 -0.425013 
vn 5.57672e-17 0.910748 -0.412962 
vn 5.55961e-17 0.907953 -0.419072 
vn 5.58713e-17 0.912448 -0.409192 
vn 5.52591e-17 0.90245 -0.430794 
vn 5.50932e-17 0.899741 -0.436424 
vn 5.4929e-17 0.897059 -0.44191 
vn 5.52591e-17 0.90245 -0.430794 
vn 5.53909e-17 0.904602 -0.426258 
vn 5.49122e-17 0.896784 -0.442468 
vn 5.4929e-17 0.897059 -0.44191 
vn 5.50932e-17 0.899741 -0.436424 
vn 5.4436e-17 0.889008 -0.457892 
vn 5.46055e-17 0.891776 -0.452477 
vn 5.44461e-17 0.889173 -0.457571 
vn 5.47665e-17 0.894404 -0.447259 
vn 5.46055e-17 0.891776 -0.452477 
vn 5.3963e-17 0.881282 -0.47259 
vn 5.41319e-17 0.884041 -0.467409 
vn 5.3977e-17 0.881511 -0.472163 
vn 5.42883e-17 0.886595 -0.462547 
vn 5.41319e-17 0.884041 -0.467409 
vn 5.4436e-17 0.889008 -0.457892 
vn 5.38235e-17 0.879005 -0.476813 
vn 5.36714e-17 0.876521 -0.481364 
vn 5.35206e-17 0.874058 -0.485821 
vn 5.38235e-17 0.879005 -0.476813 
vn 5.3963e-17 0.881282 -0.47259 
vn 5.34934e-17 0.873613 -0.486621 
vn 5.35206e-17 0.874058 -0.485821 
vn 5.36714e-17 0.876521 -0.481364 
vn 5.30275e-17 0.866004 -0.500037 
vn 5.3223e-17 0.869197 -0.494466 
vn 5.3076e-17 0.866797 -0.498661 
vn 5.33712e-17 0.871617 -0.490187 
vn 5.3223e-17 0.869197 -0.494466 
vn 5.29302e-17 0.864417 -0.502776 
vn 5.27856e-17 0.862055 -0.506815 
vn 5.26422e-17 0.859712 -0.510779 
vn 5.29302e-17 0.864417 -0.502776 
vn 5.30275e-17 0.866004 -0.500037 
vn 5.25654e-17 0.858458 -0.512884 
vn 5.26422e-17 0.859712 -0.510779 
vn 5.27856e-17 0.862055 -0.506815 
vn 5.24998e-17 0.857387 -0.514672 
vn 5.23585e-17 0.85508 -0.518497 
vn 5.22183e-17 0.852789 -0.522256 
vn 5.24998e-17 0.857387 -0.514672 
vn 5.21072e-17 0.850975 -0.525206 
vn 5.22183e-17 0.852789 -0.522256 
vn 5.23585e-17 0.85508 -0.518497 
vn 5.2079e-17 0.850515 -0.525951 
vn 5.18034e-17 0.846014 -0.533161 
vn 5.1667e-17 0.843786 -0.536679 
vn 5.19407e-17 0.848257 -0.529585 
vn 5.2079e-17 0.850515 -0.525951 
vn 5.16528e-17 0.843555 -0.537043 
vn 5.1667e-17 0.843786 -0.536679 
vn 5.18034e-17 0.846014 -0.533161 
vn 5.19407e-17 0.848257 -0.529585 
vn 5.15315e-17 0.841573 -0.540143 
vn 5.13968e-17 0.839374 -0.543554 
vn 5.1263e-17 0.837188 -0.546914 
vn 5.15315e-17 0.841573 -0.540143 
vn 5.12022e-17 0.836196 -0.548431 
vn 5.1263e-17 0.837188 -0.546914 
vn 5.13968e-17 0.839374 -0.543554 
vn 5.113e-17 0.835016 -0.550225 
vn 5.10286e-17 0.833359 -0.552731 
vn 5.08126e-17 0.829833 -0.558012 
vn 5.07552e-17 0.828895 -0.559404 
vn 5.05996e-17 0.826354 -0.563152 
vn 5.03892e-17 0.822919 -0.568159 
vn 5.07552e-17 0.828895 -0.559404 
vn 5.03116e-17 0.821651 -0.569991 
vn 5.03892e-17 0.822919 -0.568159 
vn 5.01815e-17 0.819526 -0.573042 
vn 4.99762e-17 0.816173 -0.577807 
vn 4.98713e-17 0.81446 -0.58022 
vn 4.97732e-17 0.812859 -0.582461 
vn 4.95725e-17 0.80958 -0.58701 
vn 4.94339e-17 0.807318 -0.590117 
vn 4.89994e-17 0.80022 -0.599706 
vn 4.93738e-17 0.806335 -0.591459 
vn 4.91771e-17 0.803122 -0.595814 
vn 4.89822e-17 0.79994 -0.60008 
vn 4.87891e-17 0.796787 -0.604261 
vn 4.85977e-17 0.793661 -0.608361 
vn 4.89822e-17 0.79994 -0.60008 
vn 4.89994e-17 0.80022 -0.599706 
vn 4.85673e-17 0.793165 -0.609007 
vn 4.85977e-17 0.793661 -0.608361 
vn 4.87891e-17 0.796787 -0.604261 
vn 4.81375e-17 0.786145 -0.618042 
vn 4.84079e-17 0.79056 -0.612384 
vn 4.82195e-17 0.787484 -0.616335 
vn 4.80326e-17 0.784431 -0.620216 
vn 4.7847e-17 0.7814 -0.62403 
vn 4.81375e-17 0.786145 -0.618042 
vn 4.77097e-17 0.779159 -0.626827 
vn 4.7847e-17 0.7814 -0.62403 
vn 4.72836e-17 0.7722 -0.63538 
vn 4.74794e-17 0.775398 -0.631473 
vn 4.72974e-17 0.772425 -0.635106 
vn 4.76626e-17 0.77839 -0.627782 
vn 4.74794e-17 0.775398 -0.631473 
vn 4.68589e-17 0.765264 -0.643716 
vn 4.71163e-17 0.769468 -0.638685 
vn 4.69363e-17 0.766528 -0.642211 
vn 4.72836e-17 0.7722 -0.63538 
vn 4.64354e-17 0.758347 -0.651851 
vn 4.67571e-17 0.763602 -0.645687 
vn 4.65788e-17 0.76069 -0.649115 
vn 4.68589e-17 0.765264 -0.643716 
vn 4.64013e-17 0.757791 -0.652497 
vn 4.62245e-17 0.754904 -0.655835 
vn 4.60484e-17 0.752028 -0.659131 
vn 4.64013e-17 0.757791 -0.652497 
vn 4.64354e-17 0.758347 -0.651851 
vn 4.60127e-17 0.751444 -0.659797 
vn 4.60484e-17 0.752028 -0.659131 
vn 4.62245e-17 0.754904 -0.655835 
vn 4.55905e-17 0.74455 -0.667567 
vn 4.58729e-17 0.749162 -0.662387 
vn 4.5698e-17 0.746305 -0.665605 
vn 4.51686e-17 0.73766 -0.675173 
vn 4.53495e-17 0.740614 -0.67193 
vn 4.51759e-17 0.737779 -0.675042 
vn 4.55235e-17 0.743456 -0.668785 
vn 4.53495e-17 0.740614 -0.67193 
vn 4.55905e-17 0.74455 -0.667567 
vn 4.50027e-17 0.73495 -0.678121 
vn 4.48298e-17 0.732126 -0.68117 
vn 4.51686e-17 0.73766 -0.675173 
vn 4.47467e-17 0.730768 -0.682625 
vn 4.48298e-17 0.732126 -0.68117 
vn 4.46571e-17 0.729305 -0.684189 
vn 4.44846e-17 0.726488 -0.687179 
vn 4.44415e-17 0.725784 -0.687923 
vn 4.43243e-17 0.723871 -0.689935 
vn 4.44846e-17 0.726488 -0.687179 
vn 4.42286e-17 0.722308 -0.691572 
vn 4.40163e-17 0.718841 -0.695174 
vn 4.39013e-17 0.716963 -0.697112 
vn 4.38046e-17 0.715383 -0.698733 
vn 4.35932e-17 0.711931 -0.702249 
vn 4.34772e-17 0.710037 -0.704164 
vn 4.30518e-17 0.703089 -0.711101 
vn 4.33821e-17 0.708484 -0.705727 
vn 4.31713e-17 0.70504 -0.709167 
vn 4.29605e-17 0.701598 -0.712573 
vn 4.27498e-17 0.698156 -0.715945 
vn 4.30518e-17 0.703089 -0.711101 
vn 4.26247e-17 0.696114 -0.717932 
vn 4.27498e-17 0.698156 -0.715945 
vn 4.25389e-17 0.694714 -0.719287 
vn 4.23279e-17 0.691268 -0.722599 
vn 4.21954e-17 0.689104 -0.724663 
vn 4.17637e-17 0.682053 -0.731303 
vn 4.21167e-17 0.687818 -0.725884 
vn 4.1905e-17 0.684361 -0.729143 
vn 4.1693e-17 0.680898 -0.732379 
vn 4.14803e-17 0.677425 -0.735592 
vn 4.17637e-17 0.682053 -0.731303 
vn 4.13291e-17 0.674955 -0.737859 
vn 4.14803e-17 0.677425 -0.735592 
vn 4.1267e-17 0.673941 -0.738785 
vn 4.10529e-17 0.670444 -0.74196 
vn 4.08912e-17 0.667803 -0.744338 
vn 4.08379e-17 0.666934 -0.745117 
vn 4.0622e-17 0.663407 -0.748259 
vn 4.04494e-17 0.660589 -0.750747 
vn 4.04049e-17 0.659862 -0.751387 
vn 4.01866e-17 0.656297 -0.754503 
vn 4.00034e-17 0.653306 -0.757094 
vn 3.95526e-17 0.645944 -0.763385 
vn 3.99669e-17 0.65271 -0.757608 
vn 3.97458e-17 0.649099 -0.760704 
vn 3.95231e-17 0.645461 -0.763793 
vn 3.92986e-17 0.641795 -0.766876 
vn 3.95526e-17 0.645944 -0.763385 
vn 3.90965e-17 0.638494 -0.769627 
vn 3.90722e-17 0.638097 -0.769956 
vn 3.88437e-17 0.634366 -0.773033 
vn 3.86343e-17 0.630946 -0.775827 
vn 3.8613e-17 0.630598 -0.77611 
vn 3.83798e-17 0.62679 -0.779188 
vn 3.81654e-17 0.623289 -0.781992 
vn 3.81441e-17 0.62294 -0.78227 
vn 3.79055e-17 0.619044 -0.785357 
vn 3.76891e-17 0.61551 -0.788129 
vn 3.72046e-17 0.607597 -0.794245 
vn 3.76639e-17 0.615098 -0.788451 
vn 3.7419e-17 0.611098 -0.791555 
vn 3.72372e-17 0.60813 -0.793837 
vn 3.76639e-17 0.615098 -0.788451 
vn 3.7419e-17 0.611098 -0.791555 
vn 3.72046e-17 0.607597 -0.794245 
vn 3.67239e-17 0.599747 -0.80019 
vn 3.69822e-17 0.603964 -0.797011 
vn 3.67109e-17 0.599535 -0.800349 
vn 3.67239e-17 0.599747 -0.80019 
vn 3.64623e-17 0.595474 -0.803374 
vn 3.62071e-17 0.591306 -0.806447 
vn 3.6197e-17 0.591142 -0.806568 
vn 3.59278e-17 0.586745 -0.809772 
vn 3.56919e-17 0.582893 -0.812549 
vn 3.56543e-17 0.582279 -0.812989 
vn 3.53763e-17 0.577739 -0.816222 
vn 3.51642e-17 0.574275 -0.818662 
vn 3.50934e-17 0.573118 -0.819473 
vn 3.48051e-17 0.56841 -0.822745 
vn 3.46225e-17 0.565428 -0.824798 
vn 3.42109e-17 0.558706 -0.829366 
vn 3.45111e-17 0.563609 -0.826042 
vn 3.40652e-17 0.556326 -0.830964 
vn 3.42109e-17 0.558706 -0.829366 
vn 3.35897e-17 0.548562 -0.83611 
vn 3.3904e-17 0.553694 -0.83272 
vn 3.34904e-17 0.546939 -0.837172 
vn 3.35897e-17 0.548562 -0.83611 
vn 3.29367e-17 0.537897 -0.84301 
vn 3.32675e-17 0.5433 -0.839539 
vn 3.2896e-17 0.537232 -0.843434 
vn 3.29367e-17 0.537897 -0.84301 
vn 3.25964e-17 0.53234 -0.846531 
vn 3.22797e-17 0.527167 -0.849762 
vn 3.18838e-17 0.520702 -0.853738 
vn 3.22458e-17 0.526614 -0.850105 
vn 3.16386e-17 0.516697 -0.856168 
vn 3.18838e-17 0.520702 -0.853738 
vn 3.1121e-17 0.508245 -0.861213 
vn 3.15093e-17 0.514586 -0.857439 
vn 3.09695e-17 0.50577 -0.862668 
vn 3.1121e-17 0.508245 -0.861213 
vn 3.07174e-17 0.501654 -0.865068 
vn 3.03417e-17 0.495518 -0.868598 
vn 3.09695e-17 0.50577 -0.862668 
vn 3.02687e-17 0.494325 -0.869277 
vn 3.03417e-17 0.495518 -0.868598 
vn 2.95573e-17 0.482707 -0.875782 
vn 2.99553e-17 0.489207 -0.872168 
vn 2.95319e-17 0.482292 -0.87601 
vn 2.95573e-17 0.482707 -0.875782 
vn 2.91469e-17 0.476004 -0.879443 
vn 2.87539e-17 0.469587 -0.882886 
vn 2.82847e-17 0.461925 -0.886919 
vn 2.8723e-17 0.469083 -0.883154 
vn 2.79289e-17 0.456113 -0.889922 
vn 2.82847e-17 0.461925 -0.886919 
vn 2.73599e-17 0.446821 -0.894623 
vn 2.78308e-17 0.454511 -0.890741 
vn 2.70496e-17 0.441754 -0.897136 
vn 2.73599e-17 0.446821 -0.894623 
vn 2.63614e-17 0.430514 -0.902584 
vn 2.68706e-17 0.43883 -0.89857 
vn 2.6108e-17 0.426376 -0.904546 
vn 2.63614e-17 0.430514 -0.902584 
vn 2.52758e-17 0.412786 -0.910828 
vn 2.58304e-17 0.421843 -0.906669 
vn 2.5094e-17 0.409815 -0.912168 
vn 2.52758e-17 0.412786 -0.910828 
vn 2.40868e-17 0.393367 -0.919381 
vn 2.46954e-17 0.403307 -0.915065 
vn 2.39961e-17 0.391886 -0.920014 
vn 2.40868e-17 0.393367 -0.919381 
vn 2.34473e-17 0.382923 -0.92378 
vn 2.27739e-17 0.371926 -0.928262 
vn 5.91465e-17 0.965936 -0.258782 
vn 6.12323e-17 1 0 
vn -1 1.22465e-16 0 
vn 1 0 0 
vn 0 0 1 
vn 1.77636e-16 -1 0 
vn -1 -7.10543e-16 0 
vn 0 0 -1 
vn -1.77352e-16 1 0 
vn 3.67394e-16 -1 0 
vn 1 5.32481e-16 0 
vn 0 0 -1 
vn -1 1.83697e-16 0 
vn 1 -6.3451e-18 0 
vn 1.83697e-16 1 0 
vn 1.73903e-16 0.946682 0.32217 
vn 1.7353e-16 0.944653 0.32807 
vn 1.74059e-16 0.947533 0.319657 
vn 1.73406e-16 0.943976 0.330013 
vn 1.73253e-16 0.943145 0.332382 
vn 1.7261e-16 0.939646 0.342148 
vn 1.7353e-16 0.944653 0.32807 
vn 1.72105e-16 0.936897 0.349606 
vn 1.72747e-16 0.940389 0.340101 
vn 1.72083e-16 0.936776 0.349931 
vn 1.71347e-16 0.932767 0.36048 
vn 1.70726e-16 0.929388 0.369105 
vn 1.71975e-16 0.936187 0.351504 
vn 1.70667e-16 0.929068 0.36991 
vn 1.70744e-16 0.929487 0.368854 
vn 1.71415e-16 0.933141 0.359512 
vn 1.7007e-16 0.925819 0.377968 
vn 1.70112e-16 0.926048 0.377405 
vn 1.69506e-16 0.922749 0.385402 
vn 1.69221e-16 0.921196 0.3891 
vn 1.69394e-16 0.922138 0.386862 
vn 1.68716e-16 0.918448 0.395541 
vn 1.68908e-16 0.91949 0.393113 
vn 1.68317e-16 0.916273 0.400554 
vn 1.67773e-16 0.913315 0.407254 
vn 1.68037e-16 0.914753 0.404014 
vn 1.67358e-16 0.911053 0.412288 
vn 1.67156e-16 0.909957 0.414702 
vn 1.66587e-16 0.906857 0.42144 
vn 1.67733e-16 0.913096 0.407746 
vn 1.66328e-16 0.905448 0.424458 
vn 1.66678e-16 0.907351 0.420373 
vn 1.65998e-16 0.903648 0.428275 
vn 1.65468e-16 0.900765 0.434307 
vn 1.64918e-16 0.897774 0.440456 
vn 1.66024e-16 0.903792 0.427971 
vn 1.64888e-16 0.897606 0.440799 
vn 1.65318e-16 0.899947 0.436 
vn 1.64638e-16 0.896248 0.443553 
vn 1.64712e-16 0.896648 0.442744 
vn 1.64037e-16 0.892974 0.450107 
vn 1.63455e-16 0.88981 0.456332 
vn 1.63959e-16 0.892553 0.450942 
vn 1.63211e-16 0.888477 0.458921 
vn 1.62721e-16 0.885809 0.46405 
vn 1.62078e-16 0.882312 0.470665 
vn 1.63373e-16 0.889363 0.457203 
vn 1.62032e-16 0.882062 0.471134 
vn 1.6247e-16 0.884446 0.466642 
vn 1.61738e-16 0.880461 0.474119 
vn 1.61446e-16 0.87887 0.477061 
vn 1.60823e-16 0.875481 0.483253 
vn 1.6062e-16 0.874372 0.485256 
vn 1.61014e-16 0.87652 0.481366 
vn 1.60298e-16 0.872621 0.488397 
vn 1.6021e-16 0.872142 0.489253 
vn 1.59605e-16 0.86885 0.495076 
vn 1.59219e-16 0.866745 0.498751 
vn 1.59589e-16 0.868764 0.495227 
vn 1.58888e-16 0.864944 0.501868 
vn 1.5842e-16 0.862399 0.506229 
vn 1.5784e-16 0.859239 0.511575 
vn 1.59009e-16 0.865602 0.500732 
vn 1.57829e-16 0.859179 0.511675 
vn 1.58193e-16 0.861163 0.508329 
vn 1.57505e-16 0.85742 0.514618 
vn 1.57266e-16 0.856119 0.516779 
vn 1.567e-16 0.853037 0.521851 
vn 1.56451e-16 0.851681 0.524061 
vn 1.56824e-16 0.853711 0.520747 
vn 1.56149e-16 0.850036 0.526725 
vn 1.56141e-16 0.849991 0.526797 
vn 1.55588e-16 0.84698 0.531625 
vn 1.55085e-16 0.844242 0.535962 
vn 1.5548e-16 0.846392 0.53256 
vn 1.54816e-16 0.84278 0.538259 
vn 1.545e-16 0.841059 0.540943 
vn 1.53965e-16 0.838146 0.545445 
vn 1.55041e-16 0.844003 0.536338 
vn 1.5373e-16 0.836869 0.547404 
vn 1.53851e-16 0.837528 0.546394 
vn 1.54158e-16 0.839197 0.543827 
vn 1.53196e-16 0.833962 0.551822 
vn 1.52911e-16 0.832408 0.554164 
vn 1.52391e-16 0.829579 0.55839 
vn 1.53435e-16 0.835263 0.54985 
vn 1.52386e-16 0.829553 0.558429 
vn 1.52543e-16 0.830404 0.557161 
vn 1.51891e-16 0.826856 0.562413 
vn 1.51876e-16 0.826776 0.562531 
vn 1.51366e-16 0.824 0.56659 
vn 1.51053e-16 0.822295 0.569061 
vn 1.51241e-16 0.823317 0.567582 
vn 1.50592e-16 0.819787 0.572669 
vn 1.50359e-16 0.818517 0.574482 
vn 1.49861e-16 0.815808 0.578323 
vn 1.50861e-16 0.821247 0.570573 
vn 1.49738e-16 0.815136 0.579269 
vn 1.49945e-16 0.816264 0.577679 
vn 1.49299e-16 0.812748 0.582615 
vn 1.49368e-16 0.813119 0.582097 
vn 1.48878e-16 0.810452 0.585806 
vn 1.48424e-16 0.807981 0.589209 
vn 1.48655e-16 0.809241 0.587477 
vn 1.48012e-16 0.80574 0.592269 
vn 1.47908e-16 0.805174 0.593039 
vn 1.47428e-16 0.802562 0.596569 
vn 1.48391e-16 0.807804 0.589452 
vn 1.47118e-16 0.800874 0.598833 
vn 1.4737e-16 0.802247 0.596993 
vn 1.4673e-16 0.798758 0.601652 
vn 1.46477e-16 0.797384 0.603472 
vn 1.46006e-16 0.794819 0.606846 
vn 1.46951e-16 0.799965 0.600046 
vn 1.4582e-16 0.793805 0.608172 
vn 1.4609e-16 0.795276 0.606248 
vn 1.45451e-16 0.791799 0.610781 
vn 1.45072e-16 0.789733 0.613451 
vn 1.44608e-16 0.78721 0.616686 
vn 1.45537e-16 0.792269 0.610172 
vn 1.44529e-16 0.786778 0.617236 
vn 1.44813e-16 0.788328 0.615256 
vn 1.44176e-16 0.78486 0.619674 
vn 1.44147e-16 0.784698 0.619878 
vn 1.43687e-16 0.782198 0.623031 
vn 1.43243e-16 0.77978 0.626054 
vn 1.4354e-16 0.781395 0.624036 
vn 1.42904e-16 0.777935 0.628345 
vn 1.42775e-16 0.777232 0.629214 
vn 1.42322e-16 0.774765 0.63225 
vn 1.4323e-16 0.779709 0.626142 
vn 1.41964e-16 0.772814 0.634632 
vn 1.42269e-16 0.774478 0.632601 
vn 1.4187e-16 0.772307 0.63525 
vn 1.41565e-16 0.770642 0.637268 
vn 1.41395e-16 0.769718 0.638384 
vn 1.40764e-16 0.766284 0.642502 
vn 1.40688e-16 0.765869 0.642997 
vn 1.40865e-16 0.766833 0.641847 
vn 1.4017e-16 0.763049 0.64634 
vn 1.40138e-16 0.762877 0.646543 
vn 1.39517e-16 0.759494 0.650514 
vn 1.39416e-16 0.758946 0.651153 
vn 1.39479e-16 0.75929 0.650753 
vn 1.38792e-16 0.75555 0.655091 
vn 1.38899e-16 0.756132 0.65442 
vn 1.38285e-16 0.752788 0.658263 
vn 1.38146e-16 0.752034 0.659124 
vn 1.38109e-16 0.751829 0.659358 
vn 1.37674e-16 0.749464 0.662046 
vn 1.37067e-16 0.746157 0.66577 
vn 1.36879e-16 0.745135 0.666914 
vn 1.37429e-16 0.748128 0.663554 
vn 1.36752e-16 0.744444 0.667685 
vn 1.36462e-16 0.742867 0.66944 
vn 1.3586e-16 0.739589 0.673059 
vn 1.35612e-16 0.738239 0.674539 
vn 1.36078e-16 0.740774 0.671754 
vn 1.35406e-16 0.737116 0.675766 
vn 1.3526e-16 0.736323 0.67663 
vn 1.34663e-16 0.733069 0.680155 
vn 1.34346e-16 0.731345 0.682008 
vn 1.34736e-16 0.73347 0.679722 
vn 1.34068e-16 0.729834 0.683625 
vn 1.34066e-16 0.729824 0.683635 
vn 1.33472e-16 0.726585 0.687076 
vn 1.33077e-16 0.724438 0.68934 
vn 1.33401e-16 0.726204 0.687479 
vn 1.32736e-16 0.72258 0.691287 
vn 1.32878e-16 0.723353 0.690479 
vn 1.32286e-16 0.720129 0.69384 
vn 1.31809e-16 0.717532 0.696525 
vn 1.32072e-16 0.718966 0.695045 
vn 1.31695e-16 0.716913 0.697162 
vn 1.31569e-16 0.716231 0.697864 
vn 1.31409e-16 0.71536 0.698756 
vn 1.31105e-16 0.713703 0.700449 
vn 1.30516e-16 0.710495 0.703702 
vn 1.31569e-16 0.716231 0.697864 
vn 1.30297e-16 0.709304 0.704903 
vn 1.30748e-16 0.711758 0.702425 
vn 1.30086e-16 0.708158 0.706054 
vn 1.29927e-16 0.707287 0.706926 
vn 1.29337e-16 0.704078 0.710122 
vn 1.29021e-16 0.702356 0.711826 
vn 1.29425e-16 0.704557 0.709648 
vn 1.28763e-16 0.700951 0.713209 
vn 1.28747e-16 0.700865 0.713294 
vn 1.28155e-16 0.697645 0.716444 
vn 1.27736e-16 0.695364 0.718658 
vn 1.28099e-16 0.697339 0.716742 
vn 1.27434e-16 0.693721 0.720244 
vn 1.27563e-16 0.694419 0.719571 
vn 1.2697e-16 0.691192 0.722671 
vn 1.26446e-16 0.688338 0.72539 
vn 1.2677e-16 0.690103 0.723712 
vn 1.26105e-16 0.686481 0.727148 
vn 1.25782e-16 0.684727 0.7288 
vn 1.25186e-16 0.681483 0.731834 
vn 1.26377e-16 0.687962 0.725746 
vn 1.25149e-16 0.681282 0.732021 
vn 1.25438e-16 0.682854 0.730555 
vn 1.2477e-16 0.679217 0.733937 
vn 1.24589e-16 0.678229 0.73485 
vn 1.23989e-16 0.674962 0.737852 
vn 1.23845e-16 0.674182 0.738566 
vn 1.241e-16 0.675569 0.737296 
vn 1.23427e-16 0.671906 0.740636 
vn 1.23386e-16 0.67168 0.740842 
vn 1.2289e-16 0.668984 0.743277 
vn 1.22529e-16 0.667015 0.745044 
vn 1.22751e-16 0.668225 0.743959 
vn 1.22072e-16 0.664527 0.747264 
vn 1.22214e-16 0.665304 0.746572 
vn 1.21536e-16 0.661613 0.749846 
vn 1.21201e-16 0.659785 0.751454 
vn 1.21389e-16 0.660814 0.75055 
vn 1.20704e-16 0.657082 0.753819 
vn 1.20855e-16 0.657906 0.7531 
vn 1.20171e-16 0.65418 0.756339 
vn 1.1986e-16 0.652487 0.7578 
vn 1.20014e-16 0.653328 0.757075 
vn 1.19321e-16 0.649553 0.760317 
vn 1.19483e-16 0.650433 0.759564 
vn 1.1879e-16 0.646663 0.762775 
vn 1.18505e-16 0.645112 0.764088 
vn 1.18623e-16 0.645753 0.763547 
vn 1.18093e-16 0.642868 0.765977 
vn 1.1792e-16 0.641926 0.766767 
vn 1.1739e-16 0.639041 0.769172 
vn 1.17133e-16 0.637645 0.77033 
vn 1.17219e-16 0.638111 0.769944 
vn 1.16681e-16 0.635184 0.772361 
vn 1.1669e-16 0.63523 0.772323 
vn 1.15744e-16 0.630081 0.77653 
vn 1.1616e-16 0.632343 0.774688 
vn 1.17133e-16 0.637645 0.77033 
vn 1.15967e-16 0.631294 0.775544 
vn 1.15628e-16 0.629448 0.777042 
vn 1.15744e-16 0.630081 0.77653 
vn 1.15245e-16 0.627366 0.778724 
vn 1.14334e-16 0.622403 0.782697 
vn 1.14558e-16 0.623626 0.781723 
vn 1.15094e-16 0.626543 0.779387 
vn 1.14516e-16 0.623396 0.781906 
vn 1.14021e-16 0.620699 0.784049 
vn 1.14334e-16 0.622403 0.782697 
vn 1.13779e-16 0.619383 0.785089 
vn 1.12903e-16 0.614616 0.788827 
vn 1.12938e-16 0.614808 0.788677 
vn 1.13481e-16 0.61776 0.786367 
vn 1.13033e-16 0.615324 0.788275 
vn 1.12393e-16 0.61184 0.790981 
vn 1.12903e-16 0.614616 0.788827 
vn 1.12278e-16 0.611213 0.791466 
vn 1.11845e-16 0.608855 0.793281 
vn 1.11445e-16 0.606678 0.794947 
vn 1.11513e-16 0.607048 0.794665 
vn 1.10739e-16 0.602834 0.797867 
vn 1.11293e-16 0.605853 0.795576 
vn 1.10181e-16 0.599795 0.800154 
vn 1.10738e-16 0.60283 0.797869 
vn 1.0996e-16 0.598593 0.801053 
vn 1.09052e-16 0.593649 0.804724 
vn 1.09618e-16 0.596734 0.802439 
vn 1.0848e-16 0.59054 0.807009 
vn 1.09953e-16 0.598554 0.801082 
vn 1.08443e-16 0.590335 0.807158 
vn 1.09155e-16 0.594212 0.804308 
vn 1.07324e-16 0.584243 0.811579 
vn 1.07905e-16 0.587405 0.809293 
vn 1.08345e-16 0.589801 0.807549 
vn 1.06892e-16 0.581894 0.813264 
vn 1.07521e-16 0.585317 0.810804 
vn 1.06145e-16 0.577827 0.816159 
vn 1.06737e-16 0.581052 0.813867 
vn 1.05546e-16 0.574568 0.818457 
vn 1.06683e-16 0.580754 0.814079 
vn 1.05302e-16 0.57324 0.819388 
vn 1.05828e-16 0.576103 0.817377 
vn 1.04329e-16 0.567943 0.823068 
vn 1.04941e-16 0.571274 0.820759 
vn 1.0371e-16 0.564571 0.825385 
vn 1.04957e-16 0.571359 0.8207 
vn 1.03671e-16 0.564359 0.82553 
vn 1.04067e-16 0.566517 0.82405 
vn 1.02446e-16 0.55769 0.830049 
vn 1.03082e-16 0.561154 0.827711 
vn 1.03158e-16 0.561564 0.827433 
vn 1.01991e-16 0.555213 0.831709 
vn 1.02226e-16 0.556491 0.830853 
vn 1.01146e-16 0.550615 0.834759 
vn 1.01801e-16 0.554178 0.832398 
vn 1.00481e-16 0.546996 0.837135 
vn 1.01271e-16 0.551292 0.834312 
vn 1.00259e-16 0.545782 0.837927 
vn 1.0029e-16 0.545953 0.837816 
vn 9.91174e-17 0.53957 0.841941 
vn 9.98054e-17 0.543315 0.839529 
vn 9.92804e-17 0.540457 0.841371 
vn 9.84654e-17 0.53602 0.844205 
vn 9.69754e-17 0.52791 0.849301 
vn 9.77034e-17 0.531873 0.846824 
vn 9.8417e-17 0.535757 0.844372 
vn 9.82402e-17 0.534795 0.844982 
vn 9.66062e-17 0.5259 0.850547 
vn 9.71665e-17 0.52895 0.848653 
vn 9.467e-17 0.515359 0.856974 
vn 9.60549e-17 0.522899 0.852395 
vn 9.50268e-17 0.517302 0.855803 
vn 9.66062e-17 0.5259 0.850547 
vn 9.4693e-17 0.515485 0.856899 
vn 9.54712e-17 0.519721 0.854336 
vn 9.62318e-17 0.523861 0.851804 
vn 9.467e-17 0.515359 0.856974 
vn 9.30777e-17 0.506691 0.862127 
vn 9.38958e-17 0.511145 0.859495 
vn 9.39738e-17 0.51157 0.859242 
vn 9.26495e-17 0.50436 0.863493 
vn 9.28941e-17 0.505692 0.862714 
vn 9.13712e-17 0.497401 0.86752 
vn 9.22368e-17 0.502114 0.864801 
vn 9.17854e-17 0.499657 0.866224 
vn 9.05305e-17 0.492825 0.870129 
vn 9.06458e-17 0.493453 0.869773 
vn 8.86058e-17 0.482347 0.87598 
vn 8.95584e-17 0.487533 0.873104 
vn 9.04792e-17 0.492546 0.870287 
vn 8.94731e-17 0.487069 0.873363 
vn 8.83023e-17 0.480695 0.876888 
vn 8.65911e-17 0.47138 0.88193 
vn 8.76178e-17 0.476969 0.87892 
vn 8.82648e-17 0.480491 0.877 
vn 8.59462e-17 0.467869 0.883798 
vn 8.70175e-17 0.473701 0.880686 
vn 8.44057e-17 0.459483 0.888186 
vn 8.55221e-17 0.465561 0.885016 
vn 8.57287e-17 0.466685 0.884423 
vn 8.34468e-17 0.454263 0.890868 
vn 8.43952e-17 0.459426 0.888216 
vn 8.20051e-17 0.446415 0.894826 
vn 8.32359e-17 0.453115 0.891452 
vn 8.30128e-17 0.451901 0.892068 
vn 8.07787e-17 0.439739 0.898126 
vn 8.15772e-17 0.444086 0.895984 
vn 7.93277e-17 0.43184 0.90195 
vn 8.07058e-17 0.439342 0.89832 
vn 8.00845e-17 0.43596 0.899966 
vn 7.79197e-17 0.424175 0.90558 
vn 7.85296e-17 0.427495 0.904018 
vn 7.62848e-17 0.415275 0.909696 
vn 7.78565e-17 0.423831 0.905741 
vn 7.69063e-17 0.418659 0.908144 
vn 7.48354e-17 0.407385 0.913257 
vn 7.52083e-17 0.409415 0.912348 
vn 7.28596e-17 0.396629 0.917979 
vn 7.46232e-17 0.40623 0.913771 
vn 7.34296e-17 0.399732 0.916632 
vn 7.14061e-17 0.388717 0.921357 
vn 7.1562e-17 0.389565 0.920999 
vn 7.09727e-17 0.386357 0.922349 
vn 7.14061e-17 0.388717 0.921357 
vn 6.95964e-17 0.378865 0.925452 
vn 6.83217e-17 0.371926 0.928262 
vn 6.89145e-17 0.375153 0.926963 
vn 0 -1 0 
vn 0.944653 -5.78433e-17 0.32807 
vn 0.946682 -5.79675e-17 0.32217 
vn 0.947533 -5.80197e-17 0.319657 
vn 0.944653 -5.78433e-17 0.32807 
vn 0.936897 -5.73684e-17 0.349606 
vn 0.943976 -5.78019e-17 0.330013 
vn 0.940389 -5.75822e-17 0.340101 
vn 0.943145 -5.7751e-17 0.332382 
vn 0.939646 -5.75367e-17 0.342148 
vn 0.929068 -5.6889e-17 0.36991 
vn 0.933141 -5.71384e-17 0.359512 
vn 0.929487 -5.69147e-17 0.368854 
vn 0.936776 -5.7361e-17 0.349931 
vn 0.936187 -5.73249e-17 0.351504 
vn 0.929388 -5.69086e-17 0.369105 
vn 0.932767 -5.71155e-17 0.36048 
vn 0.936897 -5.73684e-17 0.349606 
vn 0.921196 -5.6407e-17 0.3891 
vn 0.925819 -5.669e-17 0.377968 
vn 0.922138 -5.64646e-17 0.386862 
vn 0.926048 -5.67041e-17 0.377405 
vn 0.929068 -5.6889e-17 0.36991 
vn 0.922749 -5.65021e-17 0.385402 
vn 0.913315 -5.59244e-17 0.407254 
vn 0.918448 -5.62387e-17 0.395541 
vn 0.914753 -5.60125e-17 0.404014 
vn 0.91949 -5.63025e-17 0.393113 
vn 0.921196 -5.6407e-17 0.3891 
vn 0.916273 -5.61055e-17 0.400554 
vn 0.905448 -5.54427e-17 0.424458 
vn 0.911053 -5.57859e-17 0.412288 
vn 0.907351 -5.55592e-17 0.420373 
vn 0.913096 -5.5911e-17 0.407746 
vn 0.913315 -5.59244e-17 0.407254 
vn 0.906857 -5.55289e-17 0.42144 
vn 0.909957 -5.57188e-17 0.414702 
vn 0.897606 -5.49625e-17 0.440799 
vn 0.903648 -5.53325e-17 0.428275 
vn 0.899947 -5.51058e-17 0.436 
vn 0.903792 -5.53413e-17 0.427971 
vn 0.897774 -5.49728e-17 0.440456 
vn 0.900765 -5.51559e-17 0.434307 
vn 0.905448 -5.54427e-17 0.424458 
vn 0.896248 -5.48794e-17 0.443553 
vn 0.896648 -5.49039e-17 0.442744 
vn 0.892974 -5.46789e-17 0.450107 
vn 0.88981 -5.44851e-17 0.456332 
vn 0.897606 -5.49625e-17 0.440799 
vn 0.892553 -5.46531e-17 0.450942 
vn 0.882062 -5.40107e-17 0.471134 
vn 0.888477 -5.44035e-17 0.458921 
vn 0.884446 -5.41567e-17 0.466642 
vn 0.889363 -5.44577e-17 0.457203 
vn 0.88981 -5.44851e-17 0.456332 
vn 0.882312 -5.4026e-17 0.470665 
vn 0.885809 -5.42402e-17 0.46405 
vn 0.874372 -5.35399e-17 0.485256 
vn 0.880461 -5.39127e-17 0.474119 
vn 0.87652 -5.36713e-17 0.481366 
vn 0.87887 -5.38153e-17 0.477061 
vn 0.875481 -5.36077e-17 0.483253 
vn 0.882062 -5.40107e-17 0.471134 
vn 0.866745 -5.30728e-17 0.498751 
vn 0.872621 -5.34327e-17 0.488397 
vn 0.868764 -5.31964e-17 0.495227 
vn 0.872142 -5.34033e-17 0.489253 
vn 0.86885 -5.32017e-17 0.495076 
vn 0.874372 -5.35399e-17 0.485256 
vn 0.859179 -5.26096e-17 0.511675 
vn 0.864944 -5.29626e-17 0.501868 
vn 0.861163 -5.2731e-17 0.508329 
vn 0.865602 -5.30029e-17 0.500732 
vn 0.866745 -5.30728e-17 0.498751 
vn 0.859239 -5.26132e-17 0.511575 
vn 0.862399 -5.28067e-17 0.506229 
vn 0.851681 -5.21504e-17 0.524061 
vn 0.85742 -5.25018e-17 0.514618 
vn 0.853711 -5.22747e-17 0.520747 
vn 0.856119 -5.24221e-17 0.516779 
vn 0.853037 -5.22334e-17 0.521851 
vn 0.859179 -5.26096e-17 0.511675 
vn 0.844242 -5.16949e-17 0.535962 
vn 0.850036 -5.20497e-17 0.526725 
vn 0.846392 -5.18266e-17 0.53256 
vn 0.849991 -5.20469e-17 0.526797 
vn 0.84698 -5.18626e-17 0.531625 
vn 0.851681 -5.21504e-17 0.524061 
vn 0.836869 -5.12434e-17 0.547404 
vn 0.839197 -5.1386e-17 0.543827 
vn 0.837528 -5.12838e-17 0.546394 
vn 0.84278 -5.16054e-17 0.538259 
vn 0.844003 -5.16803e-17 0.536338 
vn 0.844242 -5.16949e-17 0.535962 
vn 0.838146 -5.13217e-17 0.545445 
vn 0.841059 -5.15e-17 0.540943 
vn 0.829553 -5.07954e-17 0.558429 
vn 0.833962 -5.10655e-17 0.551822 
vn 0.830404 -5.08476e-17 0.557161 
vn 0.835263 -5.11451e-17 0.54985 
vn 0.836869 -5.12434e-17 0.547404 
vn 0.829579 -5.0797e-17 0.55839 
vn 0.832408 -5.09703e-17 0.554164 
vn 0.822295 -5.03511e-17 0.569061 
vn 0.826856 -5.06303e-17 0.562413 
vn 0.823317 -5.04136e-17 0.567582 
vn 0.826776 -5.06254e-17 0.562531 
vn 0.824 -5.04554e-17 0.56659 
vn 0.829553 -5.07954e-17 0.558429 
vn 0.815136 -4.99127e-17 0.579269 
vn 0.819787 -5.01975e-17 0.572669 
vn 0.816264 -4.99817e-17 0.577679 
vn 0.821247 -5.02869e-17 0.570573 
vn 0.822295 -5.03511e-17 0.569061 
vn 0.815808 -4.99538e-17 0.578323 
vn 0.818517 -5.01197e-17 0.574482 
vn 0.807981 -4.94745e-17 0.589209 
vn 0.812748 -4.97665e-17 0.582615 
vn 0.809241 -4.95517e-17 0.587477 
vn 0.813119 -4.97892e-17 0.582097 
vn 0.810452 -4.96259e-17 0.585806 
vn 0.815136 -4.99127e-17 0.579269 
vn 0.800874 -4.90394e-17 0.598833 
vn 0.80574 -4.93374e-17 0.592269 
vn 0.802247 -4.91234e-17 0.596993 
vn 0.807804 -4.94637e-17 0.589452 
vn 0.807981 -4.94745e-17 0.589209 
vn 0.802562 -4.91427e-17 0.596569 
vn 0.805174 -4.93027e-17 0.593039 
vn 0.793805 -4.86065e-17 0.608172 
vn 0.798758 -4.89098e-17 0.601652 
vn 0.795276 -4.86966e-17 0.606248 
vn 0.799965 -4.89837e-17 0.600046 
vn 0.800874 -4.90394e-17 0.598833 
vn 0.794819 -4.86686e-17 0.606846 
vn 0.797384 -4.88257e-17 0.603472 
vn 0.786778 -4.81763e-17 0.617236 
vn 0.791799 -4.84837e-17 0.610781 
vn 0.788328 -4.82711e-17 0.615256 
vn 0.792269 -4.85125e-17 0.610172 
vn 0.793805 -4.86065e-17 0.608172 
vn 0.78721 -4.82027e-17 0.616686 
vn 0.789733 -4.83572e-17 0.613451 
vn 0.77978 -4.77477e-17 0.626054 
vn 0.78486 -4.80588e-17 0.619674 
vn 0.781395 -4.78467e-17 0.624036 
vn 0.784698 -4.80489e-17 0.619878 
vn 0.782198 -4.78958e-17 0.623031 
vn 0.786778 -4.81763e-17 0.617236 
vn 0.779709 -4.77434e-17 0.626142 
vn 0.77978 -4.77477e-17 0.626054 
vn 0.777935 -4.76348e-17 0.628345 
vn 0.772814 -4.73212e-17 0.634632 
vn 0.774765 -4.74407e-17 0.63225 
vn 0.777232 -4.75917e-17 0.629214 
vn 0.774478 -4.74231e-17 0.632601 
vn 0.765869 -4.68959e-17 0.642997 
vn 0.770642 -4.71882e-17 0.637268 
vn 0.766833 -4.6955e-17 0.641847 
vn 0.772814 -4.73212e-17 0.634632 
vn 0.769718 -4.71316e-17 0.638384 
vn 0.772307 -4.72901e-17 0.63525 
vn 0.766284 -4.69214e-17 0.642502 
vn 0.758946 -4.64721e-17 0.651153 
vn 0.763049 -4.67233e-17 0.64634 
vn 0.75929 -4.64931e-17 0.650753 
vn 0.762877 -4.67128e-17 0.646543 
vn 0.759494 -4.65056e-17 0.650514 
vn 0.765869 -4.68959e-17 0.642997 
vn 0.756132 -4.62997e-17 0.65442 
vn 0.758946 -4.64721e-17 0.651153 
vn 0.75555 -4.62641e-17 0.655091 
vn 0.752034 -4.60488e-17 0.659124 
vn 0.752788 -4.6095e-17 0.658263 
vn 0.745135 -4.56263e-17 0.666914 
vn 0.751829 -4.60363e-17 0.659358 
vn 0.748128 -4.58096e-17 0.663554 
vn 0.749464 -4.58914e-17 0.662046 
vn 0.746157 -4.5689e-17 0.66577 
vn 0.752034 -4.60488e-17 0.659124 
vn 0.738239 -4.52041e-17 0.674539 
vn 0.744444 -4.5584e-17 0.667685 
vn 0.740774 -4.53593e-17 0.671754 
vn 0.742867 -4.54875e-17 0.66944 
vn 0.739589 -4.52867e-17 0.673059 
vn 0.745135 -4.56263e-17 0.666914 
vn 0.731345 -4.4782e-17 0.682008 
vn 0.737116 -4.51353e-17 0.675766 
vn 0.73347 -4.49121e-17 0.679722 
vn 0.736323 -4.50868e-17 0.67663 
vn 0.733069 -4.48875e-17 0.680155 
vn 0.738239 -4.52041e-17 0.674539 
vn 0.724438 -4.43591e-17 0.68934 
vn 0.729834 -4.46894e-17 0.683625 
vn 0.726204 -4.44672e-17 0.687479 
vn 0.729824 -4.46888e-17 0.683635 
vn 0.726585 -4.44905e-17 0.687076 
vn 0.731345 -4.4782e-17 0.682008 
vn 0.717532 -4.39362e-17 0.696525 
vn 0.72258 -4.42453e-17 0.691287 
vn 0.718966 -4.4024e-17 0.695045 
vn 0.723353 -4.42926e-17 0.690479 
vn 0.724438 -4.43591e-17 0.68934 
vn 0.720129 -4.40952e-17 0.69384 
vn 0.716231 -4.38565e-17 0.697864 
vn 0.716913 -4.38983e-17 0.697162 
vn 0.717532 -4.39362e-17 0.696525 
vn 0.709304 -4.34323e-17 0.704903 
vn 0.71536 -4.38031e-17 0.698756 
vn 0.711758 -4.35826e-17 0.702425 
vn 0.713703 -4.37017e-17 0.700449 
vn 0.710495 -4.35053e-17 0.703702 
vn 0.702356 -4.30069e-17 0.711826 
vn 0.708158 -4.33622e-17 0.706054 
vn 0.704557 -4.31416e-17 0.709648 
vn 0.707287 -4.33089e-17 0.706926 
vn 0.704078 -4.31124e-17 0.710122 
vn 0.709304 -4.34323e-17 0.704903 
vn 0.695364 -4.25788e-17 0.718658 
vn 0.700951 -4.29209e-17 0.713209 
vn 0.697339 -4.26997e-17 0.716742 
vn 0.700865 -4.29156e-17 0.713294 
vn 0.697645 -4.27184e-17 0.716444 
vn 0.702356 -4.30069e-17 0.711826 
vn 0.688338 -4.21486e-17 0.72539 
vn 0.693721 -4.24782e-17 0.720244 
vn 0.690103 -4.22566e-17 0.723712 
vn 0.694419 -4.25209e-17 0.719571 
vn 0.695364 -4.25788e-17 0.718658 
vn 0.691192 -4.23233e-17 0.722671 
vn 0.681282 -4.17165e-17 0.732021 
vn 0.686481 -4.20348e-17 0.727148 
vn 0.682854 -4.18127e-17 0.730555 
vn 0.687962 -4.21255e-17 0.725746 
vn 0.688338 -4.21486e-17 0.72539 
vn 0.681483 -4.17288e-17 0.731834 
vn 0.684727 -4.19274e-17 0.7288 
vn 0.674182 -4.12817e-17 0.738566 
vn 0.679217 -4.15901e-17 0.733937 
vn 0.675569 -4.13667e-17 0.737296 
vn 0.678229 -4.15296e-17 0.73485 
vn 0.674962 -4.13295e-17 0.737852 
vn 0.681282 -4.17165e-17 0.732021 
vn 0.667015 -4.08429e-17 0.745044 
vn 0.671906 -4.11424e-17 0.740636 
vn 0.668225 -4.0917e-17 0.743959 
vn 0.67168 -4.11285e-17 0.740842 
vn 0.668984 -4.09635e-17 0.743277 
vn 0.674182 -4.12817e-17 0.738566 
vn 0.659785 -4.04002e-17 0.751454 
vn 0.664527 -4.06905e-17 0.747264 
vn 0.660814 -4.04632e-17 0.75055 
vn 0.665304 -4.07381e-17 0.746572 
vn 0.667015 -4.08429e-17 0.745044 
vn 0.661613 -4.05121e-17 0.749846 
vn 0.652487 -3.99533e-17 0.7578 
vn 0.657082 -4.02347e-17 0.753819 
vn 0.653328 -4.00048e-17 0.757075 
vn 0.657906 -4.02851e-17 0.7531 
vn 0.659785 -4.04002e-17 0.751454 
vn 0.65418 -4.00569e-17 0.756339 
vn 0.645112 -3.95017e-17 0.764088 
vn 0.649553 -3.97736e-17 0.760317 
vn 0.645753 -3.95409e-17 0.763547 
vn 0.650433 -3.98275e-17 0.759564 
vn 0.652487 -3.99533e-17 0.7578 
vn 0.646663 -3.95967e-17 0.762775 
vn 0.645112 -3.95017e-17 0.764088 
vn 0.639041 -3.913e-17 0.769172 
vn 0.642868 -3.93643e-17 0.765977 
vn 0.637645 -3.90445e-17 0.77033 
vn 0.641926 -3.93066e-17 0.766767 
vn 0.638111 -3.9073e-17 0.769944 
vn 0.637645 -3.90445e-17 0.77033 
vn 0.631294 -3.86556e-17 0.775544 
vn 0.635184 -3.88938e-17 0.772361 
vn 0.630081 -3.85813e-17 0.77653 
vn 0.63523 -3.88966e-17 0.772323 
vn 0.632343 -3.87199e-17 0.774688 
vn 0.630081 -3.85813e-17 0.77653 
vn 0.623396 -3.8172e-17 0.781906 
vn 0.627366 -3.84151e-17 0.778724 
vn 0.622403 -3.81112e-17 0.782697 
vn 0.626543 -3.83647e-17 0.779387 
vn 0.623626 -3.81861e-17 0.781723 
vn 0.629448 -3.85426e-17 0.777042 
vn 0.622403 -3.81112e-17 0.782697 
vn 0.615324 -3.76777e-17 0.788275 
vn 0.619383 -3.79263e-17 0.785089 
vn 0.614616 -3.76344e-17 0.788827 
vn 0.61776 -3.78269e-17 0.786367 
vn 0.614808 -3.76461e-17 0.788677 
vn 0.620699 -3.80069e-17 0.784049 
vn 0.614616 -3.76344e-17 0.788827 
vn 0.607048 -3.7171e-17 0.794665 
vn 0.611213 -3.7426e-17 0.791466 
vn 0.61184 -3.74644e-17 0.790981 
vn 0.606678 -3.71483e-17 0.794947 
vn 0.608855 -3.72816e-17 0.793281 
vn 0.605853 -3.70978e-17 0.795576 
vn 0.60283 -3.69127e-17 0.797869 
vn 0.602834 -3.69129e-17 0.797867 
vn 0.599795 -3.67269e-17 0.800154 
vn 0.598593 -3.66533e-17 0.801053 
vn 0.598554 -3.66509e-17 0.801082 
vn 0.596734 -3.65394e-17 0.802439 
vn 0.593649 -3.63505e-17 0.804724 
vn 0.59054 -3.61601e-17 0.807009 
vn 0.590335 -3.61476e-17 0.807158 
vn 0.594212 -3.6385e-17 0.804308 
vn 0.589801 -3.61149e-17 0.807549 
vn 0.587405 -3.59682e-17 0.809293 
vn 0.584243 -3.57746e-17 0.811579 
vn 0.581894 -3.56307e-17 0.813264 
vn 0.585317 -3.58404e-17 0.810804 
vn 0.580754 -3.55609e-17 0.814079 
vn 0.581052 -3.55791e-17 0.813867 
vn 0.577827 -3.53817e-17 0.816159 
vn 0.574568 -3.51821e-17 0.818457 
vn 0.57324 -3.51008e-17 0.819388 
vn 0.576103 -3.52761e-17 0.817377 
vn 0.566517 -3.46892e-17 0.82405 
vn 0.571359 -3.49857e-17 0.8207 
vn 0.571274 -3.49804e-17 0.820759 
vn 0.564359 -3.4557e-17 0.82553 
vn 0.567943 -3.47765e-17 0.823068 
vn 0.564571 -3.457e-17 0.825385 
vn 0.564359 -3.4557e-17 0.82553 
vn 0.556491 -3.40753e-17 0.830853 
vn 0.561564 -3.43859e-17 0.827433 
vn 0.561154 -3.43608e-17 0.827711 
vn 0.555213 -3.3997e-17 0.831709 
vn 0.55769 -3.41487e-17 0.830049 
vn 0.545953 -3.343e-17 0.837816 
vn 0.551292 -3.37569e-17 0.834312 
vn 0.554178 -3.39336e-17 0.832398 
vn 0.545782 -3.34195e-17 0.837927 
vn 0.550615 -3.37154e-17 0.834759 
vn 0.546996 -3.34938e-17 0.837135 
vn 0.545782 -3.34195e-17 0.837927 
vn 0.543315 -3.32685e-17 0.839529 
vn 0.540457 -3.30935e-17 0.841371 
vn 0.53957 -3.30391e-17 0.841941 
vn 0.53602 -3.28218e-17 0.844205 
vn 0.52895 -3.23888e-17 0.848653 
vn 0.534795 -3.27467e-17 0.844982 
vn 0.535757 -3.28057e-17 0.844372 
vn 0.5259 -3.22021e-17 0.850547 
vn 0.531873 -3.25678e-17 0.846824 
vn 0.52791 -3.23251e-17 0.849301 
vn 0.5259 -3.22021e-17 0.850547 
vn 0.522899 -3.20183e-17 0.852395 
vn 0.523861 -3.20773e-17 0.851804 
vn 0.519721 -3.18237e-17 0.854336 
vn 0.515485 -3.15643e-17 0.856899 
vn 0.515359 -3.15567e-17 0.856974 
vn 0.517302 -3.16756e-17 0.855803 
vn 0.505692 -3.09647e-17 0.862714 
vn 0.51157 -3.13246e-17 0.859242 
vn 0.511145 -3.12986e-17 0.859495 
vn 0.50436 -3.08832e-17 0.863493 
vn 0.506691 -3.10259e-17 0.862127 
vn 0.493453 -3.02153e-17 0.869773 
vn 0.499657 -3.05951e-17 0.866224 
vn 0.502114 -3.07456e-17 0.864801 
vn 0.492825 -3.01768e-17 0.870129 
vn 0.497401 -3.04571e-17 0.86752 
vn 0.492546 -3.01597e-17 0.870287 
vn 0.487069 -2.98244e-17 0.873363 
vn 0.487533 -2.98528e-17 0.873104 
vn 0.482347 -2.95353e-17 0.87598 
vn 0.480695 -2.94341e-17 0.876888 
vn 0.473701 -2.90058e-17 0.880686 
vn 0.480491 -2.94216e-17 0.877 
vn 0.476969 -2.92059e-17 0.87892 
vn 0.467869 -2.86487e-17 0.883798 
vn 0.47138 -2.88637e-17 0.88193 
vn 0.459426 -2.81317e-17 0.888216 
vn 0.466685 -2.85762e-17 0.884423 
vn 0.465561 -2.85074e-17 0.885016 
vn 0.454263 -2.78156e-17 0.890868 
vn 0.459483 -2.81352e-17 0.888186 
vn 0.444086 -2.71924e-17 0.895984 
vn 0.451901 -2.76709e-17 0.892068 
vn 0.453115 -2.77453e-17 0.891452 
vn 0.439739 -2.69262e-17 0.898126 
vn 0.446415 -2.7335e-17 0.894826 
vn 0.427495 -2.61765e-17 0.904018 
vn 0.43596 -2.66948e-17 0.899966 
vn 0.439342 -2.69019e-17 0.89832 
vn 0.424175 -2.59732e-17 0.90558 
vn 0.43184 -2.64426e-17 0.90195 
vn 0.409415 -2.50694e-17 0.912348 
vn 0.418659 -2.56354e-17 0.908144 
vn 0.423831 -2.59522e-17 0.905741 
vn 0.407385 -2.49451e-17 0.913257 
vn 0.415275 -2.54283e-17 0.909696 
vn 0.389565 -2.3854e-17 0.920999 
vn 0.399732 -2.44765e-17 0.916632 
vn 0.40623 -2.48744e-17 0.913771 
vn 0.388717 -2.3802e-17 0.921357 
vn 0.396629 -2.42865e-17 0.917979 
vn 0.371926 -2.27739e-17 0.928262 
vn 0.386357 -2.36576e-17 0.922349 
vn 0.375153 -2.29715e-17 0.926963 
vn 0.378865 -2.31988e-17 0.925452 
vn 0.371926 -2.27739e-17 0.928262 
vn 0.947533 -5.80197e-17 0.319657 
vn -0.371926 6.83217e-17 0.928262 
vn -0.386357 7.09727e-17 0.922349 
vn -0.375153 6.89145e-17 0.926963 
vn -0.388717 7.14061e-17 0.921357 
vn -0.407385 7.48354e-17 0.913257 
vn -0.396629 7.28596e-17 0.917979 
vn -0.40623 7.46232e-17 0.913771 
vn -0.424175 7.79197e-17 0.90558 
vn -0.415275 7.62848e-17 0.909696 
vn -0.423831 7.78565e-17 0.905741 
vn -0.407385 7.48354e-17 0.913257 
vn -0.415275 7.62848e-17 0.909696 
vn -0.424175 7.79197e-17 0.90558 
vn -0.439739 8.07787e-17 0.898126 
vn -0.43184 7.93277e-17 0.90195 
vn -0.439342 8.07058e-17 0.89832 
vn -0.439739 8.07787e-17 0.898126 
vn -0.454263 8.34468e-17 0.890868 
vn -0.446415 8.20051e-17 0.894826 
vn -0.453115 8.32359e-17 0.891452 
vn -0.467869 8.59462e-17 0.883798 
vn -0.459483 8.44057e-17 0.888186 
vn -0.465561 8.55221e-17 0.885016 
vn -0.465561 8.55221e-17 0.885016 
vn -0.454263 8.34468e-17 0.890868 
vn -0.459483 8.44057e-17 0.888186 
vn -0.480695 8.83023e-17 0.876888 
vn -0.47138 8.65911e-17 0.88193 
vn -0.476969 8.76178e-17 0.87892 
vn -0.467869 8.59462e-17 0.883798 
vn -0.47138 8.65911e-17 0.88193 
vn -0.492825 9.05305e-17 0.870129 
vn -0.482347 8.86058e-17 0.87598 
vn -0.487533 8.95584e-17 0.873104 
vn -0.492546 9.04792e-17 0.870287 
vn -0.492546 9.04792e-17 0.870287 
vn -0.480695 8.83023e-17 0.876888 
vn -0.487533 8.95584e-17 0.873104 
vn -0.482347 8.86058e-17 0.87598 
vn -0.50436 9.26495e-17 0.863493 
vn -0.497401 9.13712e-17 0.86752 
vn -0.502114 9.22368e-17 0.864801 
vn -0.492825 9.05305e-17 0.870129 
vn -0.497401 9.13712e-17 0.86752 
vn -0.515359 9.467e-17 0.856974 
vn -0.506691 9.30777e-17 0.862127 
vn -0.511145 9.38958e-17 0.859495 
vn -0.50436 9.26495e-17 0.863493 
vn -0.506691 9.30777e-17 0.862127 
vn -0.5259 9.66062e-17 0.850547 
vn -0.515485 9.4693e-17 0.856899 
vn -0.519721 9.54712e-17 0.854336 
vn -0.523861 9.62318e-17 0.851804 
vn -0.515359 9.467e-17 0.856974 
vn -0.519721 9.54712e-17 0.854336 
vn -0.515485 9.4693e-17 0.856899 
vn -0.53602 9.84654e-17 0.844205 
vn -0.52791 9.69754e-17 0.849301 
vn -0.531873 9.77034e-17 0.846824 
vn -0.535757 9.8417e-17 0.844372 
vn -0.5259 9.66062e-17 0.850547 
vn -0.531873 9.77034e-17 0.846824 
vn -0.52791 9.69754e-17 0.849301 
vn -0.545782 1.00259e-16 0.837927 
vn -0.53957 9.91174e-17 0.841941 
vn -0.543315 9.98054e-17 0.839529 
vn -0.53602 9.84654e-17 0.844205 
vn -0.53957 9.91174e-17 0.841941 
vn -0.545782 1.00259e-16 0.837927 
vn -0.555213 1.01991e-16 0.831709 
vn -0.550615 1.01146e-16 0.834759 
vn -0.554178 1.01801e-16 0.832398 
vn -0.546996 1.00481e-16 0.837135 
vn -0.550615 1.01146e-16 0.834759 
vn -0.555213 1.01991e-16 0.831709 
vn -0.564359 1.03671e-16 0.82553 
vn -0.55769 1.02446e-16 0.830049 
vn -0.561154 1.03082e-16 0.827711 
vn -0.564359 1.03671e-16 0.82553 
vn -0.57324 1.05302e-16 0.819388 
vn -0.567943 1.04329e-16 0.823068 
vn -0.571274 1.04941e-16 0.820759 
vn -0.564571 1.0371e-16 0.825385 
vn -0.571274 1.04941e-16 0.820759 
vn -0.567943 1.04329e-16 0.823068 
vn -0.564571 1.0371e-16 0.825385 
vn -0.581894 1.06892e-16 0.813264 
vn -0.577827 1.06145e-16 0.816159 
vn -0.581052 1.06737e-16 0.813867 
vn -0.574568 1.05546e-16 0.818457 
vn -0.57324 1.05302e-16 0.819388 
vn -0.577827 1.06145e-16 0.816159 
vn -0.574568 1.05546e-16 0.818457 
vn -0.581894 1.06892e-16 0.813264 
vn -0.590335 1.08443e-16 0.807158 
vn -0.584243 1.07324e-16 0.811579 
vn -0.587405 1.07905e-16 0.809293 
vn -0.590335 1.08443e-16 0.807158 
vn -0.598593 1.0996e-16 0.801053 
vn -0.593649 1.09052e-16 0.804724 
vn -0.596734 1.09618e-16 0.802439 
vn -0.59054 1.0848e-16 0.807009 
vn -0.593649 1.09052e-16 0.804724 
vn -0.598593 1.0996e-16 0.801053 
vn -0.606678 1.11445e-16 0.794947 
vn -0.602834 1.10739e-16 0.797867 
vn -0.605853 1.11293e-16 0.795576 
vn -0.599795 1.10181e-16 0.800154 
vn -0.602834 1.10739e-16 0.797867 
vn -0.606678 1.11445e-16 0.794947 
vn -0.61184 1.12393e-16 0.790981 
vn -0.614616 1.12903e-16 0.788827 
vn -0.608855 1.11845e-16 0.793281 
vn -0.61776 1.13481e-16 0.786367 
vn -0.614808 1.12938e-16 0.788677 
vn -0.620699 1.14021e-16 0.784049 
vn -0.622403 1.14334e-16 0.782697 
vn -0.614808 1.12938e-16 0.788677 
vn -0.61776 1.13481e-16 0.786367 
vn -0.622403 1.14334e-16 0.782697 
vn -0.626543 1.15094e-16 0.779387 
vn -0.623626 1.14558e-16 0.781723 
vn -0.629448 1.15628e-16 0.777042 
vn -0.630081 1.15744e-16 0.77653 
vn -0.623626 1.14558e-16 0.781723 
vn -0.626543 1.15094e-16 0.779387 
vn -0.63523 1.1669e-16 0.772323 
vn -0.632343 1.1616e-16 0.774688 
vn -0.637645 1.17133e-16 0.77033 
vn -0.641926 1.1792e-16 0.766767 
vn -0.638111 1.17219e-16 0.769944 
vn -0.645112 1.18505e-16 0.764088 
vn -0.649553 1.19321e-16 0.760317 
vn -0.645753 1.18623e-16 0.763547 
vn -0.652487 1.1986e-16 0.7578 
vn -0.657082 1.20704e-16 0.753819 
vn -0.653328 1.20014e-16 0.757075 
vn -0.659785 1.21201e-16 0.751454 
vn -0.664527 1.22072e-16 0.747264 
vn -0.660814 1.21389e-16 0.75055 
vn -0.667015 1.22529e-16 0.745044 
vn -0.671906 1.23427e-16 0.740636 
vn -0.668225 1.22751e-16 0.743959 
vn -0.674182 1.23845e-16 0.738566 
vn -0.679217 1.2477e-16 0.733937 
vn -0.675569 1.241e-16 0.737296 
vn -0.681282 1.25149e-16 0.732021 
vn -0.686481 1.26105e-16 0.727148 
vn -0.682854 1.25438e-16 0.730555 
vn -0.688338 1.26446e-16 0.72539 
vn -0.693721 1.27434e-16 0.720244 
vn -0.690103 1.2677e-16 0.723712 
vn -0.695364 1.27736e-16 0.718658 
vn -0.700951 1.28763e-16 0.713209 
vn -0.697339 1.28099e-16 0.716742 
vn -0.702356 1.29021e-16 0.711826 
vn -0.708158 1.30086e-16 0.706054 
vn -0.704557 1.29425e-16 0.709648 
vn -0.709304 1.30297e-16 0.704903 
vn -0.71536 1.31409e-16 0.698756 
vn -0.711758 1.30748e-16 0.702425 
vn -0.716231 1.31569e-16 0.697864 
vn -0.717532 1.31809e-16 0.696525 
vn -0.72258 1.32736e-16 0.691287 
vn -0.718966 1.32072e-16 0.695045 
vn -0.724438 1.33077e-16 0.68934 
vn -0.729834 1.34068e-16 0.683625 
vn -0.726204 1.33401e-16 0.687479 
vn -0.731345 1.34346e-16 0.682008 
vn -0.737116 1.35406e-16 0.675766 
vn -0.73347 1.34736e-16 0.679722 
vn -0.738239 1.35612e-16 0.674539 
vn -0.744444 1.36752e-16 0.667685 
vn -0.740774 1.36078e-16 0.671754 
vn -0.745135 1.36879e-16 0.666914 
vn -0.751829 1.38109e-16 0.659358 
vn -0.748128 1.37429e-16 0.663554 
vn -0.752034 1.38146e-16 0.659124 
vn -0.75555 1.38792e-16 0.655091 
vn -0.758946 1.39416e-16 0.651153 
vn -0.763049 1.4017e-16 0.64634 
vn -0.75929 1.39479e-16 0.650753 
vn -0.765869 1.40688e-16 0.642997 
vn -0.770642 1.41565e-16 0.637268 
vn -0.766833 1.40865e-16 0.641847 
vn -0.772814 1.41964e-16 0.634632 
vn -0.777935 1.42904e-16 0.628345 
vn -0.77978 1.43243e-16 0.626054 
vn -0.774478 1.42269e-16 0.632601 
vn -0.78486 1.44176e-16 0.619674 
vn -0.781395 1.4354e-16 0.624036 
vn -0.786778 1.44529e-16 0.617236 
vn -0.791799 1.45451e-16 0.610781 
vn -0.788328 1.44813e-16 0.615256 
vn -0.793805 1.4582e-16 0.608172 
vn -0.798758 1.4673e-16 0.601652 
vn -0.795276 1.4609e-16 0.606248 
vn -0.800874 1.47118e-16 0.598833 
vn -0.80574 1.48012e-16 0.592269 
vn -0.802247 1.4737e-16 0.596993 
vn -0.807981 1.48424e-16 0.589209 
vn -0.812748 1.49299e-16 0.582615 
vn -0.809241 1.48655e-16 0.587477 
vn -0.815136 1.49738e-16 0.579269 
vn -0.819787 1.50592e-16 0.572669 
vn -0.816264 1.49945e-16 0.577679 
vn -0.822295 1.51053e-16 0.569061 
vn -0.826856 1.51891e-16 0.562413 
vn -0.823317 1.51241e-16 0.567582 
vn -0.829553 1.52386e-16 0.558429 
vn -0.833962 1.53196e-16 0.551822 
vn -0.830404 1.52543e-16 0.557161 
vn -0.836869 1.5373e-16 0.547404 
vn -0.839197 1.54158e-16 0.543827 
vn -0.837528 1.53851e-16 0.546394 
vn -0.84278 1.54816e-16 0.538259 
vn -0.844242 1.55085e-16 0.535962 
vn -0.837528 1.53851e-16 0.546394 
vn -0.839197 1.54158e-16 0.543827 
vn -0.844242 1.55085e-16 0.535962 
vn -0.850036 1.56149e-16 0.526725 
vn -0.846392 1.5548e-16 0.53256 
vn -0.851681 1.56451e-16 0.524061 
vn -0.85742 1.57505e-16 0.514618 
vn -0.853711 1.56824e-16 0.520747 
vn -0.859179 1.57829e-16 0.511675 
vn -0.864944 1.58888e-16 0.501868 
vn -0.861163 1.58193e-16 0.508329 
vn -0.866745 1.59219e-16 0.498751 
vn -0.872621 1.60298e-16 0.488397 
vn -0.868764 1.59589e-16 0.495227 
vn -0.874372 1.6062e-16 0.485256 
vn -0.880461 1.61738e-16 0.474119 
vn -0.87652 1.61014e-16 0.481366 
vn -0.882062 1.62032e-16 0.471134 
vn -0.888477 1.63211e-16 0.458921 
vn -0.884446 1.6247e-16 0.466642 
vn -0.88981 1.63455e-16 0.456332 
vn -0.896248 1.64638e-16 0.443553 
vn -0.897606 1.64888e-16 0.440799 
vn -0.892553 1.63959e-16 0.450942 
vn -0.903648 1.65998e-16 0.428275 
vn -0.899947 1.65318e-16 0.436 
vn -0.905448 1.66328e-16 0.424458 
vn -0.911053 1.67358e-16 0.412288 
vn -0.907351 1.66678e-16 0.420373 
vn -0.913315 1.67773e-16 0.407254 
vn -0.918448 1.68716e-16 0.395541 
vn -0.914753 1.68037e-16 0.404014 
vn -0.921196 1.69221e-16 0.3891 
vn -0.925819 1.7007e-16 0.377968 
vn -0.922138 1.69394e-16 0.386862 
vn -0.929068 1.70667e-16 0.36991 
vn -0.922138 1.69394e-16 0.386862 
vn -0.933141 1.71415e-16 0.359512 
vn -0.929487 1.70744e-16 0.368854 
vn -0.936776 1.72083e-16 0.349931 
vn -0.936897 1.72105e-16 0.349606 
vn -0.929487 1.70744e-16 0.368854 
vn -0.933141 1.71415e-16 0.359512 
vn -0.936897 1.72105e-16 0.349606 
vn -0.943976 1.73406e-16 0.330013 
vn -0.940389 1.72747e-16 0.340101 
vn -0.944653 1.7353e-16 0.32807 
vn -0.947533 1.74059e-16 0.319657 
vn -0.371926 6.83217e-17 0.928262 
vn 1.74059e-16 0.947532 0.319661 
vn 0 -0.371926 0.928262 
vn 0 -0.386357 0.922349 
vn 0 -0.375153 0.926963 
vn 0 -0.386357 0.922349 
vn 0 -0.388717 0.921357 
vn 0 -0.375153 0.926963 
vn 0 -0.407385 0.913257 
vn 0 -0.396629 0.917979 
vn 0 -0.40623 0.913771 
vn 0 -0.40623 0.913771 
vn 0 -0.396629 0.917979 
vn 0 -0.407385 0.913257 
vn 0 -0.424175 0.90558 
vn 0 -0.415275 0.909696 
vn 0 -0.423831 0.905741 
vn 0 -0.423831 0.905741 
vn 0 -0.415275 0.909696 
vn 0 -0.424175 0.90558 
vn 0 -0.439739 0.898126 
vn 0 -0.43184 0.90195 
vn 0 -0.439342 0.89832 
vn 0 -0.439342 0.89832 
vn 0 -0.43184 0.90195 
vn 0 -0.439739 0.898126 
vn 0 -0.454263 0.890868 
vn 0 -0.446415 0.894826 
vn 0 -0.453115 0.891452 
vn 0 -0.453115 0.891452 
vn 0 -0.446415 0.894826 
vn 0 -0.467869 0.883798 
vn 0 -0.459483 0.888186 
vn 0 -0.465561 0.885016 
vn 0 -0.465561 0.885016 
vn 0 -0.454263 0.890868 
vn 0 -0.459483 0.888186 
vn 0 -0.480695 0.876888 
vn 0 -0.47138 0.88193 
vn 0 -0.476969 0.87892 
vn 0 -0.476969 0.87892 
vn 0 -0.467869 0.883798 
vn 0 -0.47138 0.88193 
vn 0 -0.492825 0.870129 
vn 0 -0.482347 0.87598 
vn 0 -0.487533 0.873104 
vn 0 -0.492546 0.870287 
vn 0 -0.492546 0.870287 
vn 0 -0.480695 0.876888 
vn 0 -0.487533 0.873104 
vn 0 -0.482347 0.87598 
vn 0 -0.50436 0.863493 
vn 0 -0.497401 0.86752 
vn 0 -0.502114 0.864801 
vn 0 -0.502114 0.864801 
vn 0 -0.492825 0.870129 
vn 0 -0.497401 0.86752 
vn 0 -0.515359 0.856974 
vn 0 -0.506691 0.862127 
vn 0 -0.511145 0.859495 
vn 0 -0.511145 0.859495 
vn 0 -0.50436 0.863493 
vn 0 -0.506691 0.862127 
vn 0 -0.5259 0.850547 
vn 0 -0.515485 0.856899 
vn 0 -0.519721 0.854336 
vn 0 -0.523861 0.851804 
vn 0 -0.523861 0.851804 
vn 0 -0.515359 0.856974 
vn 0 -0.519721 0.854336 
vn 0 -0.515485 0.856899 
vn 0 -0.53602 0.844205 
vn 0 -0.52791 0.849301 
vn 0 -0.531873 0.846824 
vn 0 -0.535757 0.844372 
vn 0 -0.535757 0.844372 
vn 0 -0.5259 0.850547 
vn 0 -0.531873 0.846824 
vn 0 -0.52791 0.849301 
vn 0 -0.545782 0.837927 
vn 0 -0.53957 0.841941 
vn 0 -0.543315 0.839529 
vn 0 -0.543315 0.839529 
vn 0 -0.53602 0.844205 
vn 0 -0.53957 0.841941 
vn 0 -0.545782 0.837927 
vn 0 -0.555213 0.831709 
vn 0 -0.550615 0.834759 
vn 0 -0.554178 0.832398 
vn 0 -0.546996 0.837135 
vn 0 -0.554178 0.832398 
vn 0 -0.550615 0.834759 
vn 0 -0.546996 0.837135 
vn 0 -0.555213 0.831709 
vn 0 -0.564359 0.82553 
vn 0 -0.55769 0.830049 
vn 0 -0.561154 0.827711 
vn 0 -0.561154 0.827711 
vn 0 -0.55769 0.830049 
vn 0 -0.564359 0.82553 
vn 0 -0.57324 0.819388 
vn 0 -0.567943 0.823068 
vn 0 -0.571274 0.820759 
vn 0 -0.564571 0.825385 
vn 0 -0.571274 0.820759 
vn 0 -0.567943 0.823068 
vn 0 -0.564571 0.825385 
vn 0 -0.581894 0.813264 
vn 0 -0.577827 0.816159 
vn 0 -0.581052 0.813867 
vn 0 -0.574568 0.818457 
vn 0 -0.581052 0.813867 
vn 0 -0.57324 0.819388 
vn 0 -0.577827 0.816159 
vn 0 -0.574568 0.818457 
vn 0 -0.581894 0.813264 
vn 0 -0.590335 0.807158 
vn 0 -0.584243 0.811579 
vn 0 -0.587405 0.809293 
vn 0 -0.587405 0.809293 
vn 0 -0.584243 0.811579 
vn 0 -0.590335 0.807158 
vn 0 -0.598593 0.801053 
vn 0 -0.593649 0.804724 
vn 0 -0.596734 0.802439 
vn 0 -0.59054 0.807009 
vn 0 -0.596734 0.802439 
vn 0 -0.593649 0.804724 
vn 0 -0.59054 0.807009 
vn 0 -0.598593 0.801053 
vn 0 -0.606678 0.794947 
vn 0 -0.602834 0.797867 
vn 0 -0.605853 0.795576 
vn 0 -0.599795 0.800154 
vn 0 -0.605853 0.795576 
vn 0 -0.602834 0.797867 
vn 0 -0.599795 0.800154 
vn 0 -0.606678 0.794947 
vn 0 -0.61184 0.790981 
vn 0 -0.61184 0.790981 
vn 0 -0.614616 0.788827 
vn 0 -0.608855 0.793281 
vn 0 -0.608855 0.793281 
vn 0 -0.61776 0.786367 
vn 0 -0.614808 0.788677 
vn 0 -0.620699 0.784049 
vn 0 -0.620699 0.784049 
vn 0 -0.622403 0.782697 
vn 0 -0.614808 0.788677 
vn 0 -0.61776 0.786367 
vn 0 -0.622403 0.782697 
vn 0 -0.626543 0.779387 
vn 0 -0.623626 0.781723 
vn 0 -0.629448 0.777042 
vn 0 -0.629448 0.777042 
vn 0 -0.630081 0.77653 
vn 0 -0.623626 0.781723 
vn 0 -0.626543 0.779387 
vn 0 -0.630081 0.77653 
vn 0 -0.63523 0.772323 
vn 0 -0.63523 0.772323 
vn 0 -0.632343 0.774688 
vn 0 -0.637645 0.77033 
vn 0 -0.632343 0.774688 
vn 0 -0.641926 0.766767 
vn 0 -0.641926 0.766767 
vn 0 -0.638111 0.769944 
vn 0 -0.645112 0.764088 
vn 0 -0.638111 0.769944 
vn 0 -0.649553 0.760317 
vn 0 -0.649553 0.760317 
vn 0 -0.645753 0.763547 
vn 0 -0.652487 0.7578 
vn 0 -0.645753 0.763547 
vn 0 -0.657082 0.753819 
vn 0 -0.657082 0.753819 
vn 0 -0.653328 0.757075 
vn 0 -0.659785 0.751454 
vn 0 -0.653328 0.757075 
vn 0 -0.664527 0.747264 
vn 0 -0.664527 0.747264 
vn 0 -0.660814 0.75055 
vn 0 -0.667015 0.745044 
vn 0 -0.660814 0.75055 
vn 0 -0.671906 0.740636 
vn 0 -0.671906 0.740636 
vn 0 -0.668225 0.743959 
vn 0 -0.674182 0.738566 
vn 0 -0.668225 0.743959 
vn 0 -0.679217 0.733937 
vn 0 -0.675569 0.737296 
vn 0 -0.679217 0.733937 
vn 0 -0.681282 0.732021 
vn 0 -0.675569 0.737296 
vn 0 -0.686481 0.727148 
vn 0 -0.682854 0.730555 
vn 0 -0.686481 0.727148 
vn 0 -0.688338 0.72539 
vn 0 -0.682854 0.730555 
vn 0 -0.693721 0.720244 
vn 0 -0.693721 0.720244 
vn 0 -0.690103 0.723712 
vn 0 -0.695364 0.718658 
vn 0 -0.690103 0.723712 
vn 0 -0.700951 0.713209 
vn 0 -0.697339 0.716742 
vn 0 -0.700951 0.713209 
vn 0 -0.702356 0.711826 
vn 0 -0.697339 0.716742 
vn 0 -0.708158 0.706054 
vn 0 -0.704557 0.709648 
vn 0 -0.708158 0.706054 
vn 0 -0.709304 0.704903 
vn 0 -0.704557 0.709648 
vn 0 -0.71536 0.698756 
vn 0 -0.711758 0.702425 
vn 0 -0.71536 0.698756 
vn 0 -0.716231 0.697864 
vn 0 -0.711758 0.702425 
vn 0 -0.717532 0.696525 
vn 0 -0.72258 0.691287 
vn 0 -0.718966 0.695045 
vn 0 -0.72258 0.691287 
vn 0 -0.724438 0.68934 
vn 0 -0.718966 0.695045 
vn 0 -0.729834 0.683625 
vn 0 -0.726204 0.687479 
vn 0 -0.729834 0.683625 
vn 0 -0.731345 0.682008 
vn 0 -0.726204 0.687479 
vn 0 -0.737116 0.675766 
vn 0 -0.73347 0.679722 
vn 0 -0.737116 0.675766 
vn 0 -0.738239 0.674539 
vn 0 -0.73347 0.679722 
vn 0 -0.744444 0.667685 
vn 0 -0.740774 0.671754 
vn 0 -0.744444 0.667685 
vn 0 -0.745135 0.666914 
vn 0 -0.740774 0.671754 
vn 0 -0.751829 0.659358 
vn 0 -0.748128 0.663554 
vn 0 -0.751829 0.659358 
vn 0 -0.752034 0.659124 
vn 0 -0.748128 0.663554 
vn 0 -0.75555 0.655091 
vn 0 -0.75555 0.655091 
vn 0 -0.758946 0.651153 
vn 0 -0.763049 0.64634 
vn 0 -0.763049 0.64634 
vn 0 -0.75929 0.650753 
vn 0 -0.765869 0.642997 
vn 0 -0.75929 0.650753 
vn 0 -0.770642 0.637268 
vn 0 -0.770642 0.637268 
vn 0 -0.766833 0.641847 
vn 0 -0.772814 0.634632 
vn 0 -0.766833 0.641847 
vn 0 -0.777935 0.628345 
vn 0 -0.777935 0.628345 
vn 0 -0.77978 0.626054 
vn 0 -0.774478 0.632601 
vn 0 -0.774478 0.632601 
vn 0 -0.78486 0.619674 
vn 0 -0.78486 0.619674 
vn 0 -0.781395 0.624036 
vn 0 -0.786778 0.617236 
vn 0 -0.781395 0.624036 
vn 0 -0.791799 0.610781 
vn 0 -0.791799 0.610781 
vn 0 -0.788328 0.615256 
vn 0 -0.793805 0.608172 
vn 0 -0.788328 0.615256 
vn 0 -0.798758 0.601652 
vn 0 -0.795276 0.606248 
vn 0 -0.798758 0.601652 
vn 0 -0.800874 0.598833 
vn 0 -0.795276 0.606248 
vn 0 -0.80574 0.592269 
vn 0 -0.80574 0.592269 
vn 0 -0.802247 0.596993 
vn 0 -0.807981 0.589209 
vn 0 -0.802247 0.596993 
vn 0 -0.812748 0.582615 
vn 0 -0.809241 0.587477 
vn 0 -0.812748 0.582615 
vn 0 -0.815136 0.579269 
vn 0 -0.809241 0.587477 
vn 0 -0.819787 0.572669 
vn 0 -0.819787 0.572669 
vn 0 -0.816264 0.577679 
vn 0 -0.822295 0.569061 
vn 0 -0.816264 0.577679 
vn 0 -0.826856 0.562413 
vn 0 -0.826856 0.562413 
vn 0 -0.823317 0.567582 
vn 0 -0.829553 0.558429 
vn 0 -0.823317 0.567582 
vn 0 -0.833962 0.551822 
vn 0 -0.833962 0.551822 
vn 0 -0.830404 0.557161 
vn 0 -0.836869 0.547404 
vn 0 -0.830404 0.557161 
vn 0 -0.839197 0.543827 
vn 0 -0.837528 0.546394 
vn 0 -0.84278 0.538259 
vn 0 -0.844242 0.535962 
vn 0 -0.837528 0.546394 
vn 0 -0.839197 0.543827 
vn 0 -0.844242 0.535962 
vn 0 -0.850036 0.526725 
vn 0 -0.846392 0.53256 
vn 0 -0.851681 0.524061 
vn 0 -0.85742 0.514618 
vn 0 -0.853711 0.520747 
vn 0 -0.859179 0.511675 
vn 0 -0.864944 0.501868 
vn 0 -0.861163 0.508329 
vn 0 -0.866745 0.498751 
vn 0 -0.872621 0.488397 
vn 0 -0.868764 0.495227 
vn 0 -0.874372 0.485256 
vn 0 -0.880461 0.474119 
vn 0 -0.87652 0.481366 
vn 0 -0.882062 0.471134 
vn 0 -0.888477 0.458921 
vn 0 -0.884446 0.466642 
vn 0 -0.88981 0.456332 
vn 0 -0.896248 0.443553 
vn 0 -0.897606 0.440799 
vn 0 -0.892553 0.450942 
vn 0 -0.903648 0.428275 
vn 0 -0.899947 0.436 
vn 0 -0.905448 0.424458 
vn 0 -0.911053 0.412288 
vn 0 -0.907351 0.420373 
vn 0 -0.913315 0.407254 
vn 0 -0.918448 0.395541 
vn 0 -0.914753 0.404014 
vn 0 -0.921196 0.3891 
vn 0 -0.925819 0.377968 
vn 0 -0.922138 0.386862 
vn 0 -0.929068 0.36991 
vn 0 -0.922138 0.386862 
vn 0 -0.933141 0.359512 
vn 0 -0.929487 0.368854 
vn 0 -0.936776 0.349931 
vn 0 -0.936897 0.349606 
vn 0 -0.929487 0.368854 
vn 0 -0.933141 0.359512 
vn 0 -0.936897 0.349606 
vn 0 -0.943976 0.330013 
vn 0 -0.940389 0.340101 
vn 0 -0.944653 0.32807 
vn 0 -0.947533 0.319657 
vn 0 -0.371926 0.928262 
vn 0.947532 -5.80196e-17 0.319661 
vn -0.947532 1.74059e-16 0.319661 
vn 0 -0.947532 0.319661 
usemtl 0.647059_0.647059_0.647059_0.000000_0.000000
o mesh0
f 1//1 2//2 3//2 
f 4//3 5//4 6//5 
f 6//5 1//1 4//3 
f 3//2 4//3 1//1 
f 7//6 8//7 9//8 
f 10//9 2//2 8//7 
f 8//7 7//6 10//9 
f 9//8 11//10 7//6 
f 10//9 12//11 2//2 
f 13//12 14//13 15//14 
f 16//15 11//10 14//13 
f 14//13 13//12 16//15 
f 15//14 17//16 13//12 
f 16//15 18//17 11//10 
f 19//18 20//19 21//20 
f 22//21 17//16 20//19 
f 20//19 19//18 22//21 
f 21//20 23//22 19//18 
f 22//21 24//23 17//16 
f 25//24 26//25 27//26 
f 28//27 23//22 26//25 
f 26//25 25//24 28//27 
f 27//26 29//28 25//24 
f 28//27 30//29 23//22 
f 31//30 32//31 33//32 
f 34//33 29//28 32//31 
f 32//31 31//30 34//33 
f 33//32 35//34 31//30 
f 34//33 36//35 29//28 
f 37//36 38//37 39//38 
f 39//38 40//39 37//36 
f 41//40 35//34 38//37 
f 38//37 37//36 41//40 
f 40//39 42//41 37//36 
f 43//42 44//43 45//44 
f 46//45 42//41 44//43 
f 44//43 43//42 46//45 
f 45//44 47//46 43//42 
f 46//45 48//47 42//41 
f 47//46 49//48 50//49 
f 51//50 52//51 53//52 
f 53//52 54//53 51//50 
f 49//48 47//46 52//51 
f 52//51 51//50 49//48 
f 54//53 55//54 51//50 
f 56//55 57//56 58//57 
f 59//58 55//54 57//56 
f 57//56 56//55 59//58 
f 58//57 60//59 56//55 
f 59//58 61//60 55//54 
f 62//61 63//62 64//63 
f 64//63 65//64 62//61 
f 66//65 60//59 63//62 
f 63//62 62//61 66//65 
f 65//64 67//66 62//61 
f 66//65 68//67 60//59 
f 69//68 70//69 71//70 
f 72//71 67//66 70//69 
f 70//69 69//68 72//71 
f 71//70 73//72 69//68 
f 74//73 75//74 76//75 
f 74//73 77//76 75//74 
f 78//77 73//72 77//76 
f 77//76 74//73 78//77 
f 76//75 79//78 74//73 
f 78//77 80//79 73//72 
f 81//80 82//81 83//82 
f 81//80 84//83 82//81 
f 85//84 79//78 84//83 
f 84//83 81//80 85//84 
f 83//82 86//85 81//80 
f 85//84 87//86 79//78 
f 88//87 89//88 90//89 
f 91//90 86//85 89//88 
f 89//88 88//87 91//90 
f 90//89 92//91 88//87 
f 91//90 93//92 86//85 
f 94//93 95//94 96//95 
f 94//93 97//96 95//94 
f 98//97 92//91 97//96 
f 97//96 94//93 98//97 
f 96//95 99//98 94//93 
f 98//97 100//99 92//91 
f 101//100 102//101 103//102 
f 101//100 104//103 102//101 
f 105//104 99//98 104//103 
f 104//103 101//100 105//104 
f 103//102 106//105 101//100 
f 105//104 107//106 99//98 
f 108//107 109//108 110//109 
f 111//110 106//105 109//108 
f 109//108 108//107 111//110 
f 110//109 112//111 108//107 
f 111//110 113//112 106//105 
f 114//113 115//114 116//115 
f 114//113 117//116 115//114 
f 118//117 112//111 117//116 
f 117//116 114//113 118//117 
f 116//115 119//118 114//113 
f 120//119 121//120 122//121 
f 120//119 123//122 121//120 
f 124//123 119//118 123//122 
f 123//122 120//119 124//123 
f 122//121 125//124 120//119 
f 124//123 126//125 119//118 
f 125//124 127//126 128//127 
f 128//127 129//128 125//124 
f 130//129 131//130 132//131 
f 127//126 125//124 131//130 
f 131//130 130//129 127//126 
f 132//131 133//132 130//129 
f 134//133 135//134 136//135 
f 134//133 133//132 137//136 
f 137//136 138//137 134//133 
f 138//137 135//134 134//133 
f 136//135 139//138 134//133 
f 134//133 140//139 133//132 
f 141//140 142//141 143//142 
f 141//140 136//135 144//143 
f 144//143 145//144 141//140 
f 145//144 142//141 141//140 
f 143//142 146//145 141//140 
f 141//140 147//146 136//135 
f 148//147 149//148 150//149 
f 150//149 151//149 148//147 
f 148//147 152//150 149//148 
f 146//145 153//151 149//148 
f 146//145 143//142 153//151 
f 154//152 155//153 156//153 
f 156//153 157//154 154//152 
f 157//154 158//155 154//152 
f 151//149 150//149 159//156 
f 159//156 154//152 151//149 
f 160//157 161//158 162//159 
f 160//157 163//160 164//160 
f 164//160 161//158 160//157 
f 156//153 155//153 165//161 
f 165//161 160//157 156//153 
f 166//162 167//163 168//164 
f 167//163 166//162 169//165 
f 169//165 170//165 167//163 
f 164//160 163//160 166//162 
f 171//166 172//167 173//168 
f 172//167 171//166 174//169 
f 174//169 175//169 172//167 
f 170//165 169//165 176//170 
f 176//170 171//166 170//165 
f 177//171 178//172 179//173 
f 178//172 177//171 180//174 
f 180//174 181//174 178//172 
f 175//169 174//169 182//175 
f 182//175 177//171 175//169 
f 183//176 184//177 185//178 
f 184//177 183//176 186//179 
f 186//179 187//179 184//177 
f 181//174 180//174 188//180 
f 188//180 183//176 181//174 
f 189//181 190//182 191//183 
f 190//182 189//181 192//184 
f 192//184 193//184 190//182 
f 187//179 186//179 194//185 
f 194//185 189//181 187//179 
f 195//186 196//187 197//188 
f 196//187 195//186 198//189 
f 198//189 199//189 196//187 
f 193//184 192//184 200//190 
f 200//190 195//186 193//184 
f 201//191 202//192 203//193 
f 202//192 201//191 204//194 
f 204//194 205//194 202//192 
f 199//189 198//189 206//195 
f 206//195 201//191 199//189 
f 207//196 208//197 209//198 
f 208//197 207//196 210//199 
f 210//199 211//199 208//197 
f 205//194 204//194 212//200 
f 212//200 207//196 205//194 
f 213//201 214//202 215//203 
f 214//202 213//201 216//204 
f 216//204 217//204 214//202 
f 211//199 210//199 218//205 
f 218//205 213//201 211//199 
f 219//206 220//207 221//208 
f 219//206 222//209 223//209 
f 223//209 220//207 219//206 
f 217//204 216//204 224//210 
f 224//210 219//206 217//204 
f 225//211 226//212 227//213 
f 227//213 228//214 225//211 
f 225//211 229//215 230//215 
f 230//215 226//212 225//211 
f 223//209 222//209 231//216 
f 231//216 225//211 223//209 
f 232//217 233//218 234//219 
f 232//217 235//220 236//220 
f 236//220 233//218 232//217 
f 230//215 229//215 237//221 
f 237//221 232//217 230//215 
f 238//222 239//223 240//224 
f 238//222 241//225 239//223 
f 238//222 242//226 243//226 
f 243//226 241//225 238//222 
f 236//220 235//220 244//227 
f 244//227 238//222 236//220 
f 245//228 246//229 247//230 
f 246//229 245//228 248//231 
f 248//231 249//231 246//229 
f 243//226 242//226 245//228 
f 250//232 251//233 252//234 
f 250//232 253//235 251//233 
f 253//235 250//232 254//236 
f 254//236 255//236 253//235 
f 249//231 248//231 256//237 
f 256//237 250//232 249//231 
f 257//238 258//239 259//240 
f 258//239 257//238 260//241 
f 260//241 261//241 258//239 
f 255//236 254//236 262//242 
f 262//242 257//238 255//236 
f 263//243 264//244 265//245 
f 263//243 266//246 267//246 
f 267//246 264//244 263//243 
f 261//241 268//247 263//243 
f 261//241 260//241 268//247 
f 269//248 270//249 271//250 
f 269//248 272//251 270//249 
f 272//251 269//248 273//252 
f 273//252 274//252 272//251 
f 267//246 266//246 275//253 
f 275//253 269//248 267//246 
f 276//254 277//255 278//256 
f 276//254 279//257 280//257 
f 280//257 277//255 276//254 
f 274//252 273//252 281//258 
f 281//258 276//254 274//252 
f 282//259 283//260 284//261 
f 282//259 285//262 286//262 
f 286//262 283//260 282//259 
f 280//257 279//257 287//263 
f 287//263 282//259 280//257 
f 288//264 289//265 290//266 
f 288//264 291//267 289//265 
f 291//267 288//264 292//268 
f 292//268 293//268 291//267 
f 286//262 285//262 294//269 
f 294//269 288//264 286//262 
f 295//270 296//271 297//272 
f 296//271 295//270 298//273 
f 298//273 299//273 296//271 
f 293//268 292//268 300//274 
f 300//274 295//270 293//268 
f 301//275 302//276 303//277 
f 302//276 301//275 304//278 
f 304//278 305//278 302//276 
f 299//273 298//273 306//279 
f 306//279 301//275 299//273 
f 307//280 308//281 309//282 
f 308//281 307//280 310//283 
f 310//283 311//283 308//281 
f 305//278 304//278 312//284 
f 312//284 307//280 305//278 
f 313//285 314//286 315//287 
f 313//285 316//288 317//288 
f 317//288 314//286 313//285 
f 311//283 310//283 318//289 
f 318//289 313//285 311//283 
f 319//290 320//291 321//292 
f 321//292 322//292 319//290 
f 319//290 323//293 320//291 
f 323//293 324//294 320//291 
f 317//288 316//288 325//295 
f 325//295 320//291 317//288 
f 326//296 327//297 328//298 
f 326//296 329//299 327//297 
f 329//299 326//296 330//300 
f 330//300 331//300 329//299 
f 322//292 321//292 332//301 
f 332//301 326//296 322//292 
f 333//302 334//303 335//304 
f 333//302 336//305 334//303 
f 333//302 337//306 336//305 
f 337//306 333//302 338//307 
f 338//307 339//307 337//306 
f 331//300 330//300 340//308 
f 340//308 333//302 331//300 
f 341//309 342//310 343//311 
f 341//309 344//312 342//310 
f 344//312 341//309 345//313 
f 345//313 346//313 344//312 
f 339//307 338//307 347//314 
f 347//314 341//309 339//307 
f 348//315 349//316 350//317 
f 348//315 351//318 349//316 
f 351//318 348//315 352//319 
f 352//319 353//319 351//318 
f 346//313 345//313 354//320 
f 354//320 348//315 346//313 
f 355//321 356//322 357//323 
f 355//321 358//324 356//322 
f 358//324 355//321 359//325 
f 359//325 360//325 358//324 
f 353//319 352//319 361//326 
f 361//326 355//321 353//319 
f 362//327 363//328 364//329 
f 362//327 365//330 363//328 
f 362//327 366//331 367//331 
f 367//331 365//330 362//327 
f 360//325 359//325 368//332 
f 368//332 362//327 360//325 
f 369//333 370//334 371//335 
f 369//333 372//336 370//334 
f 369//333 373//337 374//337 
f 374//337 372//336 369//333 
f 367//331 366//331 375//338 
f 375//338 369//333 367//331 
f 376//339 377//340 378//341 
f 376//339 379//342 377//340 
f 376//339 380//343 381//343 
f 381//343 379//342 376//339 
f 374//337 382//344 376//339 
f 374//337 373//337 382//344 
f 383//345 384//346 385//347 
f 383//345 386//348 384//346 
f 386//348 383//345 387//349 
f 387//349 388//349 386//348 
f 381//343 380//343 389//350 
f 389//350 383//345 381//343 
f 390//351 391//352 392//353 
f 390//351 393//354 391//352 
f 393//354 390//351 394//355 
f 394//355 395//355 393//354 
f 388//349 387//349 396//356 
f 396//356 390//351 388//349 
f 397//357 398//358 399//359 
f 397//357 400//360 398//358 
f 397//357 401//361 402//361 
f 402//361 400//360 397//357 
f 395//355 394//355 403//362 
f 403//362 404//363 395//355 
f 404//363 397//357 395//355 
f 405//364 406//365 407//366 
f 405//364 408//367 406//365 
f 408//367 405//364 409//368 
f 409//368 410//368 408//367 
f 402//361 401//361 411//369 
f 411//369 405//364 402//361 
f 412//370 413//371 414//372 
f 412//370 415//373 416//373 
f 416//373 413//371 412//370 
f 410//368 409//368 417//374 
f 417//374 412//370 410//368 
f 418//375 419//376 420//377 
f 419//376 418//375 421//378 
f 421//378 422//378 419//376 
f 423//379 418//375 424//380 
f 416//373 415//373 423//379 
f 424//380 416//373 423//379 
f 425//381 426//382 427//383 
f 427//383 428//383 425//381 
f 429//384 426//382 430//385 
f 422//378 421//378 429//384 
f 430//385 422//378 429//384 
f 431//386 432//387 433//388 
f 433//388 434//388 431//386 
f 435//389 432//387 436//390 
f 428//383 427//383 435//389 
f 436//390 428//383 435//389 
f 437//391 438//392 439//393 
f 439//393 440//394 437//391 
f 434//388 433//388 438//392 
f 437//391 434//388 438//392 
f 439//393 441//395 440//394 
f 431//386 436//390 432//387 
f 425//381 430//385 426//382 
f 420//377 424//380 418//375 
f 414//372 410//368 412//370 
f 407//366 402//361 405//364 
f 399//359 395//355 397//357 
f 392//353 388//349 390//351 
f 385//347 381//343 383//345 
f 378//341 374//337 376//339 
f 371//335 367//331 369//333 
f 364//329 360//325 362//327 
f 357//323 353//319 355//321 
f 350//317 346//313 348//315 
f 343//311 339//307 341//309 
f 335//304 331//300 333//302 
f 328//298 322//292 326//296 
f 324//294 317//288 320//291 
f 315//287 311//283 313//285 
f 309//282 305//278 307//280 
f 303//277 299//273 301//275 
f 297//272 293//268 295//270 
f 290//266 286//262 288//264 
f 284//261 280//257 282//259 
f 278//256 274//252 276//254 
f 271//250 267//246 269//248 
f 265//245 261//241 263//243 
f 259//240 255//236 257//238 
f 252//234 249//231 250//232 
f 247//230 243//226 245//228 
f 240//224 236//220 238//222 
f 234//219 230//215 232//217 
f 228//214 223//209 225//211 
f 221//208 217//204 219//206 
f 215//203 211//199 213//201 
f 209//198 205//194 207//196 
f 203//193 199//189 201//191 
f 197//188 193//184 195//186 
f 191//183 187//179 189//181 
f 185//178 181//174 183//176 
f 179//173 175//169 177//171 
f 173//168 170//165 171//166 
f 168//164 164//160 166//162 
f 162//159 156//153 160//157 
f 158//155 151//149 154//152 
f 152//150 146//145 149//148 
f 147//146 139//138 136//135 
f 140//139 130//129 133//132 
f 129//128 120//119 125//124 
f 126//125 114//113 119//118 
f 118//117 108//107 112//111 
f 113//112 101//100 106//105 
f 107//106 94//93 99//98 
f 100//99 88//87 92//91 
f 93//92 81//80 86//85 
f 87//86 74//73 79//78 
f 80//79 69//68 73//72 
f 72//71 62//61 67//66 
f 68//67 56//55 60//59 
f 61//60 51//50 55//54 
f 50//49 43//42 47//46 
f 48//47 37//36 42//41 
f 41//40 31//30 35//34 
f 36//35 25//24 29//28 
f 30//29 19//18 23//22 
f 24//23 13//12 17//16 
f 18//17 7//6 11//10 
f 12//11 3//2 2//2 
f 4//3 442//396 5//4 
o mesh1
f 5//397 442//397 443//397 
f 443//397 444//397 5//397 
o mesh2
f 445//398 446//398 443//398 
f 443//398 442//398 445//398 
o mesh3
f 447//399 448//399 5//399 
f 5//399 444//399 447//399 
o mesh4
f 449//400 437//400 440//401 
f 449//400 434//402 437//400 
f 440//401 450//401 449//400 
f 440//401 441//403 450//401 
f 451//404 428//405 436//404 
f 436//404 452//406 451//404 
f 452//406 431//406 434//402 
f 452//406 436//404 431//406 
f 434//402 453//407 452//406 
f 454//408 422//409 430//408 
f 430//408 455//410 454//408 
f 455//410 425//410 428//405 
f 455//410 430//408 425//410 
f 428//405 456//411 455//410 
f 416//412 457//413 458//414 
f 457//413 416//412 424//414 
f 424//414 459//415 457//413 
f 459//415 419//415 422//409 
f 459//415 424//414 420//416 
f 420//416 419//415 459//415 
f 422//409 460//417 459//415 
f 413//418 461//418 462//419 
f 461//418 413//418 416//412 
f 416//412 463//420 461//418 
f 464//421 410//421 414//422 
f 414//422 413//418 464//421 
f 408//423 465//424 466//425 
f 408//423 467//426 465//424 
f 408//423 410//421 464//421 
f 464//421 467//426 408//423 
f 468//427 402//427 407//428 
f 407//428 406//429 468//427 
f 406//429 408//423 468//427 
f 400//430 469//431 470//432 
f 400//430 471//433 469//431 
f 400//430 402//427 468//427 
f 468//427 471//433 400//430 
f 472//434 395//434 399//435 
f 399//435 398//436 472//434 
f 398//436 400//430 472//434 
f 393//437 473//438 474//439 
f 393//437 475//440 473//438 
f 393//437 395//434 472//434 
f 472//434 475//440 393//437 
f 476//441 388//441 392//442 
f 392//442 391//443 476//441 
f 391//443 393//437 476//441 
f 381//444 477//445 478//446 
f 381//444 479//447 477//445 
f 479//447 386//447 388//441 
f 479//447 381//444 385//446 
f 385//446 384//448 479//447 
f 384//448 386//447 479//447 
f 388//441 476//441 479//447 
f 379//449 480//450 481//451 
f 379//449 482//452 480//450 
f 379//449 381//444 483//453 
f 483//453 482//452 379//449 
f 484//454 374//454 378//455 
f 378//455 377//456 484//454 
f 377//456 379//449 484//454 
f 367//457 485//458 486//459 
f 367//457 487//460 485//458 
f 487//460 372//460 374//454 
f 487//460 367//457 371//459 
f 371//459 370//461 487//460 
f 370//461 372//460 487//460 
f 374//454 484//454 487//460 
f 360//462 488//463 489//464 
f 360//462 490//465 488//463 
f 490//465 365//465 367//457 
f 490//465 360//462 364//464 
f 364//464 363//466 490//465 
f 363//466 365//465 490//465 
f 367//457 491//467 490//465 
f 358//468 492//469 493//470 
f 358//468 494//471 492//469 
f 358//468 360//462 495//472 
f 495//472 494//471 358//468 
f 496//473 353//473 357//474 
f 357//474 356//475 496//473 
f 356//475 358//468 496//473 
f 346//476 497//477 498//478 
f 346//476 499//479 497//477 
f 499//479 351//479 353//473 
f 499//479 346//476 350//478 
f 350//478 349//480 499//479 
f 349//480 351//479 499//479 
f 353//473 496//473 499//479 
f 339//481 500//482 501//483 
f 339//481 502//484 500//482 
f 502//484 344//484 346//476 
f 502//484 339//481 343//483 
f 343//483 342//485 502//484 
f 342//485 344//484 502//484 
f 346//476 503//486 502//484 
f 337//487 504//488 505//489 
f 337//487 506//490 504//488 
f 337//487 507//491 506//490 
f 337//487 339//481 508//492 
f 508//492 507//491 337//487 
f 509//493 331//493 335//494 
f 335//494 334//495 509//493 
f 334//495 336//496 509//493 
f 336//496 337//487 509//493 
f 322//497 510//498 511//499 
f 322//497 512//500 510//498 
f 329//500 331//493 509//493 
f 512//500 322//497 328//499 
f 328//499 327//501 512//500 
f 327//501 329//500 512//500 
f 509//493 512//500 329//500 
f 513//502 319//502 322//497 
f 513//502 323//503 319//502 
f 322//497 514//504 513//502 
f 513//502 515//503 323//503 
f 516//505 324//505 323//503 
f 516//505 317//506 324//505 
f 515//503 516//505 323//503 
f 314//507 517//507 518//508 
f 314//507 317//506 519//509 
f 519//509 517//507 314//507 
f 520//510 311//510 315//511 
f 315//511 314//507 520//510 
f 305//512 521//513 522//514 
f 521//513 308//513 311//510 
f 521//513 305//512 309//514 
f 309//514 308//513 521//513 
f 311//510 520//510 521//513 
f 302//515 523//515 524//516 
f 523//515 302//515 305//512 
f 305//512 525//517 523//515 
f 526//518 299//518 303//519 
f 303//519 302//515 526//518 
f 293//520 527//521 528//522 
f 527//521 296//521 299//518 
f 527//521 293//520 297//522 
f 297//522 296//521 527//521 
f 299//518 526//518 527//521 
f 286//523 529//524 530//525 
f 286//523 531//526 529//524 
f 291//526 293//520 532//527 
f 531//526 286//523 290//528 
f 290//528 289//529 531//526 
f 289//529 291//526 531//526 
f 532//527 531//526 291//526 
f 283//530 533//530 534//531 
f 283//530 286//523 535//532 
f 535//532 533//530 283//530 
f 536//533 280//533 284//534 
f 284//534 283//530 536//533 
f 277//535 537//535 538//536 
f 537//535 277//535 280//533 
f 280//533 536//533 537//535 
f 539//537 274//537 278//536 
f 278//536 277//535 539//537 
f 272//538 540//539 541//540 
f 272//538 542//541 540//539 
f 272//538 274//537 539//537 
f 539//537 542//541 272//538 
f 543//542 267//542 271//543 
f 271//543 270//544 543//542 
f 270//544 272//538 543//542 
f 261//545 544//546 545//547 
f 264//546 267//542 543//542 
f 544//546 261//545 265//547 
f 265//547 264//546 544//546 
f 543//542 544//546 264//546 
f 258//548 546//548 547//549 
f 546//548 258//548 261//545 
f 261//545 548//550 546//548 
f 549//551 255//551 259//552 
f 259//552 258//548 549//551 
f 253//553 550//554 551//555 
f 253//553 552//556 550//554 
f 253//553 255//551 549//551 
f 549//551 552//556 253//553 
f 553//557 249//557 252//558 
f 252//558 251//559 553//557 
f 251//559 253//553 553//557 
f 246//560 554//560 555//561 
f 246//560 249//557 553//557 
f 553//557 554//560 246//560 
f 556//562 243//562 247//561 
f 247//561 246//560 556//562 
f 236//563 557//564 558//565 
f 236//563 559//566 557//564 
f 559//566 241//566 243//562 
f 559//566 236//563 240//565 
f 240//565 239//567 559//566 
f 239//567 241//566 559//566 
f 243//562 556//562 559//566 
f 233//568 560//568 561//569 
f 233//568 236//563 562//570 
f 562//570 560//568 233//568 
f 563//571 230//571 234//572 
f 234//572 233//568 563//571 
f 226//573 564//573 565//574 
f 565//574 566//575 226//573 
f 564//573 226//573 230//571 
f 230//571 563//571 564//573 
f 567//576 228//575 227//577 
f 567//576 223//576 228//575 
f 227//577 226//573 567//576 
f 217//578 568//579 569//580 
f 568//579 220//579 223//576 
f 568//579 217//578 221//580 
f 221//580 220//579 568//579 
f 223//576 567//576 568//579 
f 214//581 570//581 571//582 
f 214//581 217//578 572//583 
f 572//583 570//581 214//581 
f 573//584 211//584 215//585 
f 215//585 214//581 573//584 
f 205//586 574//587 575//588 
f 208//587 211//584 573//584 
f 574//587 205//586 209//588 
f 209//588 208//587 574//587 
f 573//584 574//587 208//587 
f 202//589 576//589 577//590 
f 202//589 205//586 578//591 
f 578//591 576//589 202//589 
f 579//592 199//592 203//593 
f 203//593 202//589 579//592 
f 196//594 580//594 581//595 
f 580//594 196//594 199//592 
f 199//592 579//592 580//594 
f 582//596 193//596 197//595 
f 197//595 196//594 582//596 
f 187//597 583//598 584//599 
f 583//598 190//598 193//596 
f 583//598 187//597 191//599 
f 191//599 190//598 583//598 
f 193//596 582//596 583//598 
f 184//600 585//600 586//601 
f 184//600 187//597 587//602 
f 587//602 585//600 184//600 
f 588//603 181//603 185//604 
f 185//604 184//600 588//603 
f 175//605 589//606 590//607 
f 589//606 178//606 181//603 
f 589//606 175//605 179//607 
f 179//607 178//606 589//606 
f 181//603 588//603 589//606 
f 172//608 591//608 592//609 
f 172//608 175//605 593//610 
f 593//610 591//608 172//608 
f 594//611 170//611 173//612 
f 173//612 172//608 594//611 
f 167//613 595//613 596//614 
f 167//613 170//611 594//611 
f 594//611 595//613 167//613 
f 597//615 164//615 168//614 
f 168//614 167//613 597//615 
f 156//616 598//617 599//618 
f 598//617 161//617 164//615 
f 598//617 156//616 162//618 
f 162//618 161//617 598//617 
f 164//615 597//615 598//617 
f 157//619 156//616 600//620 
f 600//620 601//619 157//619 
f 602//621 158//621 157//619 
f 602//621 151//622 158//621 
f 601//619 602//621 157//619 
f 148//623 151//622 603//622 
f 603//622 604//623 148//623 
f 605//624 152//624 148//623 
f 604//623 605//624 148//623 
f 606//625 146//625 152//624 
f 607//626 141//626 146//625 
f 607//626 147//627 141//626 
f 146//625 606//625 607//626 
f 608//627 139//628 147//627 
f 607//626 608//627 147//627 
f 609//629 134//629 139//628 
f 139//628 610//628 609//629 
f 611//630 140//630 134//629 
f 611//630 130//631 140//630 
f 609//629 611//630 134//629 
f 127//632 612//632 613//633 
f 613//633 614//634 127//632 
f 127//632 130//631 615//635 
f 615//635 612//632 127//632 
f 616//636 120//636 129//637 
f 129//637 128//638 616//636 
f 128//638 127//632 616//636 
f 616//636 126//639 124//640 
f 617//640 114//641 126//639 
f 126//639 616//636 617//640 
f 617//640 618//642 114//641 
f 124//640 120//636 616//636 
f 118//643 114//641 619//644 
f 619//644 620//643 118//643 
f 621//645 108//645 118//643 
f 622//646 111//646 108//645 
f 622//646 113//647 111//646 
f 108//645 621//645 622//646 
f 622//646 623//647 113//647 
f 624//648 101//648 113//647 
f 105//649 101//648 624//648 
f 624//648 625//649 105//649 
f 626//650 107//650 105//649 
f 626//650 94//651 107//650 
f 625//649 626//650 105//649 
f 98//652 94//651 627//651 
f 627//651 628//652 98//652 
f 629//653 100//653 98//652 
f 629//653 88//654 100//653 
f 628//652 629//653 98//652 
f 630//654 93//655 91//656 
f 631//656 81//657 93//655 
f 93//655 630//654 631//656 
f 631//656 632//658 81//657 
f 91//656 88//654 630//654 
f 633//657 87//659 85//660 
f 634//660 74//661 87//659 
f 87//659 633//657 634//660 
f 634//660 635//662 74//661 
f 85//660 81//657 633//657 
f 636//661 80//663 78//664 
f 637//664 69//665 80//663 
f 80//663 636//661 637//664 
f 637//664 638//666 69//665 
f 638//666 639//665 69//665 
f 72//667 69//665 639//665 
f 640//667 62//668 72//667 
f 639//665 640//667 72//667 
f 641//668 68//669 66//670 
f 642//670 56//671 68//669 
f 68//669 641//668 642//670 
f 642//670 643//672 56//671 
f 66//670 62//668 641//668 
f 644//671 61//673 59//674 
f 645//674 51//675 61//673 
f 61//673 644//671 645//674 
f 645//674 646//676 51//675 
f 59//674 56//671 644//671 
f 43//677 647//678 648//679 
f 49//678 51//675 649//680 
f 647//678 43//677 50//679 
f 50//679 49//678 647//678 
f 649//680 647//678 49//678 
f 650//681 48//682 46//683 
f 651//683 37//684 48//682 
f 48//682 650//681 651//683 
f 651//683 652//685 37//684 
f 46//683 43//677 650//681 
f 653//686 31//687 41//686 
f 41//686 654//688 653//686 
f 653//686 655//687 31//687 
f 655//687 36//689 34//690 
f 656//690 25//691 36//689 
f 36//689 655//687 656//690 
f 656//690 657//692 25//691 
f 657//692 658//691 25//691 
f 658//691 30//693 28//694 
f 659//694 19//695 30//693 
f 30//693 658//691 659//694 
f 659//694 660//696 19//695 
f 660//696 661//695 19//695 
f 661//695 24//697 22//698 
f 662//698 13//699 24//697 
f 24//697 661//695 662//698 
f 662//698 663//700 13//699 
f 22//698 19//695 661//695 
f 664//699 18//701 16//702 
f 665//702 7//703 18//701 
f 18//701 664//699 665//702 
f 665//702 666//704 7//703 
f 666//704 667//703 7//703 
f 667//703 12//705 10//706 
f 668//706 3//707 12//705 
f 12//705 667//703 668//706 
f 668//706 669//708 3//707 
f 669//708 670//707 3//707 
f 671//709 672//710 673//710 
f 671//709 4//709 3//707 
f 671//709 445//710 4//709 
f 445//710 442//710 4//709 
f 3//707 670//707 671//709 
f 673//710 445//710 671//709 
f 10//706 7//703 667//703 
f 16//702 13//699 664//699 
f 663//700 664//699 13//699 
f 28//694 25//691 658//691 
f 34//690 31//687 655//687 
f 41//686 37//684 654//688 
f 652//685 654//688 37//684 
f 648//679 650//681 43//677 
f 646//676 649//680 51//675 
f 643//672 644//671 56//671 
f 640//667 641//668 62//668 
f 78//664 74//661 636//661 
f 635//662 636//661 74//661 
f 632//658 633//657 81//657 
f 629//653 630//654 88//654 
f 626//650 627//651 94//651 
f 623//647 624//648 113//647 
f 620//643 621//645 118//643 
f 618//642 619//644 114//641 
f 614//634 616//636 127//632 
f 611//630 615//635 130//631 
f 608//627 610//628 139//628 
f 605//624 606//625 152//624 
f 602//621 603//622 151//622 
f 599//618 600//620 156//616 
f 596//614 597//615 167//613 
f 592//609 594//611 172//608 
f 590//607 593//610 175//605 
f 586//601 588//603 184//600 
f 584//599 587//602 187//597 
f 581//595 582//596 196//594 
f 577//590 579//592 202//589 
f 575//588 578//591 205//586 
f 571//582 573//584 214//581 
f 569//580 572//583 217//578 
f 566//575 567//576 226//573 
f 561//569 563//571 233//568 
f 558//565 562//570 236//563 
f 555//561 556//562 246//560 
f 551//555 553//557 253//553 
f 547//549 549//551 258//548 
f 545//547 548//550 261//545 
f 541//540 543//542 272//538 
f 538//536 539//537 277//535 
f 534//531 536//533 283//530 
f 530//525 535//532 286//523 
f 528//522 532//527 293//520 
f 524//516 526//518 302//515 
f 522//514 525//517 305//512 
f 518//508 520//510 314//507 
f 516//505 519//509 317//506 
f 511//499 514//504 322//497 
f 505//489 509//493 337//487 
f 501//483 508//492 339//481 
f 498//478 503//486 346//476 
f 493//470 496//473 358//468 
f 489//464 495//472 360//462 
f 486//459 491//467 367//457 
f 481//451 484//454 379//449 
f 478//446 483//453 381//444 
f 474//439 476//441 393//437 
f 470//432 472//434 400//430 
f 466//425 468//427 408//423 
f 462//419 464//421 413//418 
f 458//414 463//420 416//412 
f 454//408 460//417 422//409 
f 451//404 456//411 428//405 
f 449//400 453//407 434//402 
o mesh5
f 674//711 675//712 439//713 
f 438//714 676//715 674//711 
f 439//713 438//714 674//711 
f 675//712 441//716 439//713 
f 435//717 677//718 678//719 
f 678//719 432//720 435//717 
f 679//721 676//715 433//722 
f 432//720 678//719 679//721 
f 433//722 432//720 679//721 
f 429//723 680//724 681//725 
f 681//725 426//726 429//723 
f 682//727 677//718 427//728 
f 426//726 681//725 682//727 
f 427//728 426//726 682//727 
f 423//729 683//730 684//731 
f 684//731 418//732 423//729 
f 685//733 680//724 421//734 
f 418//732 684//731 686//735 
f 686//735 685//733 418//732 
f 421//734 418//732 685//733 
f 687//736 412//737 417//738 
f 412//737 688//739 683//730 
f 412//737 687//736 689//740 
f 689//740 688//739 412//737 
f 683//730 415//741 412//737 
f 690//742 405//743 411//744 
f 691//745 687//736 409//746 
f 405//743 690//742 692//747 
f 692//747 693//748 405//743 
f 693//748 691//745 405//743 
f 409//746 405//743 691//745 
f 694//749 404//750 403//751 
f 694//749 397//752 404//750 
f 397//752 695//753 690//742 
f 397//752 694//749 696//754 
f 696//754 697//755 397//752 
f 697//755 695//753 397//752 
f 690//742 401//756 397//752 
f 698//757 390//758 396//759 
f 699//760 694//749 394//761 
f 390//758 698//757 700//762 
f 700//762 701//763 390//758 
f 701//763 699//760 390//758 
f 394//761 390//758 699//760 
f 702//764 383//765 389//766 
f 703//767 698//757 387//768 
f 383//765 702//764 704//769 
f 704//769 705//770 383//765 
f 705//770 703//767 383//765 
f 387//768 383//765 703//767 
f 376//771 706//772 702//764 
f 376//771 707//773 708//774 
f 708//774 709//775 376//771 
f 709//775 706//772 376//771 
f 702//764 380//776 376//771 
f 376//771 382//777 707//773 
f 710//778 369//779 375//780 
f 369//779 711//781 707//773 
f 369//779 710//778 712//782 
f 712//782 713//783 369//779 
f 713//783 711//781 369//779 
f 707//773 373//784 369//779 
f 714//785 362//786 368//787 
f 362//786 715//788 710//778 
f 362//786 714//785 716//789 
f 716//789 717//790 362//786 
f 717//790 715//788 362//786 
f 710//778 366//791 362//786 
f 718//792 355//793 361//794 
f 719//795 714//785 359//796 
f 355//793 718//792 720//797 
f 720//797 721//798 355//793 
f 721//798 719//795 355//793 
f 359//796 355//793 719//795 
f 722//799 348//800 354//801 
f 723//802 718//792 352//803 
f 348//800 722//799 724//804 
f 724//804 725//805 348//800 
f 725//805 723//802 348//800 
f 352//803 348//800 723//802 
f 726//806 341//807 347//808 
f 727//809 722//799 345//810 
f 341//807 726//806 728//811 
f 728//811 729//812 341//807 
f 729//812 727//809 341//807 
f 345//810 341//807 727//809 
f 730//813 333//814 340//815 
f 731//816 726//806 338//817 
f 333//814 730//813 732//818 
f 732//818 733//819 333//814 
f 733//819 734//820 333//814 
f 734//820 731//816 333//814 
f 338//817 333//814 731//816 
f 735//821 326//822 332//823 
f 736//824 730//813 330//825 
f 326//822 735//821 737//826 
f 737//826 738//827 326//822 
f 738//827 736//824 326//822 
f 330//825 326//822 736//824 
f 739//828 320//829 325//830 
f 740//831 735//821 321//832 
f 320//829 741//833 740//831 
f 320//829 742//834 741//833 
f 320//829 739//828 742//834 
f 321//832 320//829 740//831 
f 743//835 313//836 318//837 
f 313//836 744//838 739//828 
f 313//836 743//835 745//839 
f 745//839 744//838 313//836 
f 739//828 316//840 313//836 
f 746//841 307//842 312//843 
f 747//844 743//835 310//845 
f 307//842 746//841 748//846 
f 748//846 747//844 307//842 
f 310//845 307//842 747//844 
f 749//847 301//848 306//849 
f 750//850 746//841 304//851 
f 301//848 749//847 751//852 
f 751//852 750//850 301//848 
f 304//851 301//848 750//850 
f 752//853 295//854 300//855 
f 753//856 749//847 298//857 
f 295//854 752//853 754//858 
f 754//858 753//856 295//854 
f 298//857 295//854 753//856 
f 755//859 288//860 294//861 
f 756//862 752//853 292//863 
f 288//860 755//859 757//864 
f 757//864 758//865 288//860 
f 758//865 756//862 288//860 
f 292//863 288//860 756//862 
f 759//866 282//867 287//868 
f 282//867 760//869 755//859 
f 282//867 759//866 761//870 
f 761//870 760//869 282//867 
f 755//859 285//871 282//867 
f 762//872 276//873 281//874 
f 276//873 763//875 759//866 
f 276//873 762//872 764//876 
f 764//876 763//875 276//873 
f 759//866 279//877 276//873 
f 765//878 269//879 275//880 
f 766//881 762//872 273//882 
f 269//879 765//878 767//883 
f 767//883 768//884 269//879 
f 768//884 766//881 269//879 
f 273//882 269//879 766//881 
f 263//885 769//886 765//878 
f 263//885 770//887 771//888 
f 771//888 769//886 263//885 
f 765//878 266//889 263//885 
f 263//885 268//890 770//887 
f 772//891 257//892 262//893 
f 773//894 770//887 260//895 
f 257//892 772//891 774//896 
f 774//896 773//894 257//892 
f 260//895 257//892 773//894 
f 775//897 250//898 256//899 
f 776//900 772//891 254//901 
f 250//898 775//897 777//902 
f 777//902 778//903 250//898 
f 778//903 776//900 250//898 
f 254//901 250//898 776//900 
f 779//904 775//897 248//905 
f 245//906 780//907 781//908 
f 781//908 779//904 245//906 
f 248//905 245//906 779//904 
f 782//909 238//910 244//911 
f 238//910 783//912 780//907 
f 238//910 782//909 784//913 
f 784//913 785//914 238//910 
f 785//914 783//912 238//910 
f 780//907 242//915 238//910 
f 786//916 232//917 237//918 
f 232//917 787//919 782//909 
f 232//917 786//916 788//920 
f 788//920 787//919 232//917 
f 782//909 235//921 232//917 
f 789//922 225//923 231//924 
f 225//923 790//925 786//916 
f 225//923 791//926 792//927 
f 225//923 789//922 791//926 
f 792//927 790//925 225//923 
f 786//916 229//928 225//923 
f 793//929 219//930 224//931 
f 219//930 794//932 789//922 
f 219//930 793//929 795//933 
f 795//933 794//932 219//930 
f 789//922 222//934 219//930 
f 796//935 213//936 218//937 
f 797//938 793//929 216//939 
f 213//936 796//935 798//940 
f 798//940 797//938 213//936 
f 216//939 213//936 797//938 
f 799//941 207//942 212//943 
f 800//944 796//935 210//945 
f 207//942 799//941 801//946 
f 801//946 800//944 207//942 
f 210//945 207//942 800//944 
f 802//947 201//948 206//949 
f 803//950 799//941 204//951 
f 201//948 802//947 804//952 
f 804//952 803//950 201//948 
f 204//951 201//948 803//950 
f 805//953 195//954 200//955 
f 806//956 802//947 198//957 
f 195//954 805//953 807//958 
f 807//958 806//956 195//954 
f 198//957 195//954 806//956 
f 808//959 189//960 194//961 
f 809//962 805//953 192//963 
f 189//960 808//959 810//964 
f 810//964 809//962 189//960 
f 192//963 189//960 809//962 
f 811//965 183//966 188//967 
f 812//968 808//959 186//969 
f 183//966 811//965 813//970 
f 813//970 812//968 183//966 
f 186//969 183//966 812//968 
f 814//971 177//972 182//973 
f 815//974 811//965 180//975 
f 177//972 814//971 816//976 
f 816//976 815//974 177//972 
f 180//975 177//972 815//974 
f 817//977 171//978 176//979 
f 818//980 814//971 174//981 
f 171//978 817//977 819//982 
f 819//982 818//980 171//978 
f 174//981 171//978 818//980 
f 820//983 817//977 169//984 
f 166//985 821//986 822//987 
f 822//987 820//983 166//985 
f 169//984 166//985 820//983 
f 823//988 160//989 165//990 
f 160//989 824//991 821//986 
f 160//989 823//988 825//992 
f 825//992 824//991 160//989 
f 821//986 163//993 160//989 
f 826//994 154//995 159//996 
f 154//995 827//997 823//988 
f 154//995 828//998 827//997 
f 154//995 826//994 828//998 
f 823//988 155//999 154//995 
f 829//1000 826//994 150//1001 
f 149//1002 830//1003 829//1000 
f 149//1002 831//1004 830//1003 
f 150//1001 149//1002 829//1000 
f 149//1002 153//1005 831//1004 
f 832//1006 145//1007 144//1008 
f 832//1006 142//1009 145//1007 
f 832//1006 831//1004 143//1010 
f 143//1010 142//1009 832//1006 
f 136//1011 833//1012 832//1006 
f 136//1011 834//1011 833//1012 
f 835//1013 138//1014 137//1015 
f 835//1013 135//1016 138//1014 
f 835//1013 834//1011 136//1011 
f 136//1011 135//1016 835//1013 
f 133//1017 836//1018 835//1013 
f 133//1017 837//1017 836//1018 
f 838//1019 837//1017 133//1017 
f 133//1017 132//1020 838//1019 
f 132//1020 131//1021 838//1019 
f 125//1022 839//1022 840//1023 
f 840//1023 841//1024 125//1022 
f 841//1024 838//1019 125//1022 
f 125//1022 842//1025 843//1026 
f 122//1027 844//1028 842//1025 
f 842//1025 125//1022 122//1027 
f 122//1027 121//1029 844//1028 
f 121//1029 123//1030 844//1028 
f 123//1030 119//1031 844//1028 
f 116//1032 845//1033 844//1028 
f 844//1028 119//1031 116//1032 
f 116//1032 115//1034 845//1033 
f 115//1034 117//1035 845//1033 
f 112//1036 846//1036 845//1033 
f 847//1037 846//1036 112//1036 
f 112//1036 110//1038 847//1037 
f 110//1038 109//1039 847//1037 
f 106//1040 848//1041 847//1037 
f 106//1040 849//1040 848//1041 
f 850//1042 849//1040 106//1040 
f 106//1040 103//1043 850//1042 
f 103//1043 102//1044 850//1042 
f 102//1044 104//1045 850//1042 
f 99//1046 851//1047 850//1042 
f 99//1046 852//1046 851//1047 
f 853//1048 852//1046 99//1046 
f 99//1046 96//1049 853//1048 
f 96//1049 95//1050 853//1048 
f 95//1050 97//1051 853//1048 
f 92//1052 854//1053 853//1048 
f 92//1052 855//1052 854//1053 
f 92//1052 856//1054 857//1055 
f 90//1056 858//1057 856//1054 
f 856//1054 92//1052 90//1056 
f 90//1056 89//1058 858//1057 
f 89//1058 86//1057 858//1057 
f 86//1057 859//1059 860//1060 
f 83//1061 861//1062 859//1059 
f 859//1059 86//1057 83//1061 
f 83//1061 82//1063 861//1062 
f 82//1063 84//1064 861//1062 
f 84//1064 79//1065 861//1062 
f 79//1065 862//1066 863//1067 
f 76//1068 864//1069 862//1066 
f 862//1066 79//1065 76//1068 
f 76//1068 75//1070 864//1069 
f 75//1070 77//1071 864//1069 
f 77//1071 73//1072 864//1069 
f 71//1073 865//1074 864//1069 
f 864//1069 73//1072 71//1073 
f 71//1073 70//1075 865//1074 
f 67//1076 866//1076 865//1074 
f 67//1076 867//1077 868//1078 
f 65//1079 869//1080 867//1077 
f 867//1077 67//1076 65//1079 
f 65//1079 64//1081 869//1080 
f 64//1081 63//1082 869//1080 
f 63//1082 60//1083 869//1080 
f 60//1083 870//1084 871//1085 
f 58//1086 872//1087 870//1084 
f 870//1084 60//1083 58//1086 
f 58//1086 57//1088 872//1087 
f 57//1088 55//1087 872//1087 
f 54//1089 873//1090 872//1087 
f 872//1087 55//1087 54//1089 
f 54//1089 53//1091 873//1090 
f 53//1091 52//1092 873//1090 
f 47//1093 874//1093 875//1094 
f 875//1094 873//1090 47//1093 
f 47//1093 876//1095 877//1096 
f 45//1097 878//1098 876//1095 
f 876//1095 47//1093 45//1097 
f 45//1097 44//1099 878//1098 
f 44//1099 42//1098 878//1098 
f 40//1100 879//1101 880//1102 
f 880//1102 42//1098 40//1100 
f 40//1100 39//1103 879//1101 
f 39//1103 38//1104 879//1101 
f 38//1104 35//1105 879//1101 
f 35//1105 881//1106 882//1107 
f 33//1108 883//1109 881//1106 
f 881//1106 35//1105 33//1108 
f 33//1108 32//1110 883//1109 
f 32//1110 29//1109 883//1109 
f 29//1109 884//1111 885//1112 
f 27//1113 886//1114 884//1111 
f 884//1111 29//1109 27//1113 
f 27//1113 26//1115 886//1114 
f 26//1115 23//1114 886//1114 
f 23//1114 887//1116 888//1117 
f 21//1118 889//1119 887//1116 
f 887//1116 23//1114 21//1118 
f 21//1118 20//1120 889//1119 
f 20//1120 17//1119 889//1119 
f 17//1119 890//1121 891//1122 
f 15//1123 892//1124 890//1121 
f 890//1121 17//1119 15//1123 
f 15//1123 14//1125 892//1124 
f 14//1125 11//1124 892//1124 
f 11//1124 893//1126 894//1127 
f 9//1128 895//1129 893//1126 
f 893//1126 11//1124 9//1128 
f 9//1128 8//1130 895//1129 
f 8//1130 2//1129 895//1129 
f 896//1131 1//1132 6//1133 
f 6//1133 448//1134 896//1131 
f 1//1132 897//1135 895//1129 
f 1//1132 896//1131 897//1135 
f 895//1129 2//1129 1//1132 
f 896//1131 898//1134 897//1135 
f 6//1133 5//1134 448//1134 
f 894//1127 892//1124 11//1124 
f 891//1122 889//1119 17//1119 
f 888//1117 886//1114 23//1114 
f 885//1112 883//1109 29//1109 
f 882//1107 879//1101 35//1105 
f 880//1102 878//1098 42//1098 
f 877//1096 874//1093 47//1093 
f 52//1092 47//1093 873//1090 
f 871//1085 869//1080 60//1083 
f 868//1078 866//1076 67//1076 
f 70//1075 67//1076 865//1074 
f 863//1067 861//1062 79//1065 
f 860//1060 858//1057 86//1057 
f 857//1055 855//1052 92//1052 
f 97//1051 92//1052 853//1048 
f 104//1045 99//1046 850//1042 
f 109//1039 106//1040 847//1037 
f 117//1035 112//1036 845//1033 
f 843//1026 839//1022 125//1022 
f 131//1021 125//1022 838//1019 
f 137//1015 133//1017 835//1013 
f 144//1008 136//1011 832//1006 
f 153//1005 143//1010 831//1004 
f 159//996 150//1001 826//994 
f 165//990 155//999 823//988 
f 166//985 163//993 821//986 
f 176//979 169//984 817//977 
f 182//973 174//981 814//971 
f 188//967 180//975 811//965 
f 194//961 186//969 808//959 
f 200//955 192//963 805//953 
f 206//949 198//957 802//947 
f 212//943 204//951 799//941 
f 218//937 210//945 796//935 
f 224//931 216//939 793//929 
f 231//924 222//934 789//922 
f 237//918 229//928 786//916 
f 244//911 235//921 782//909 
f 245//906 242//915 780//907 
f 256//899 248//905 775//897 
f 262//893 254//901 772//891 
f 268//890 260//895 770//887 
f 275//880 266//889 765//878 
f 281//874 273//882 762//872 
f 287//868 279//877 759//866 
f 294//861 285//871 755//859 
f 300//855 292//863 752//853 
f 306//849 298//857 749//847 
f 312//843 304//851 746//841 
f 318//837 310//845 743//835 
f 325//830 316//840 739//828 
f 332//823 321//832 735//821 
f 340//815 330//825 730//813 
f 347//808 338//817 726//806 
f 354//801 345//810 722//799 
f 361//794 352//803 718//792 
f 368//787 359//796 714//785 
f 375//780 366//791 710//778 
f 382//777 373//784 707//773 
f 389//766 380//776 702//764 
f 396//759 387//768 698//757 
f 403//751 394//761 694//749 
f 411//744 401//756 690//742 
f 417//738 409//746 687//736 
f 423//729 415//741 683//730 
f 429//723 421//734 680//724 
f 435//717 427//728 677//718 
f 438//714 433//722 676//715 
o mesh6
f 449//1136 450//1137 675//1137 
f 674//1136 453//1138 449//1136 
f 675//1137 674//1136 449//1136 
f 674//1136 676//1138 453//1138 
f 452//1139 453//1138 676//1138 
f 676//1138 679//1139 452//1139 
f 451//1140 452//1139 678//1140 
f 677//1141 456//1141 451//1140 
f 678//1140 677//1141 451//1140 
f 455//1142 456//1141 677//1141 
f 677//1141 682//1142 455//1142 
f 454//1143 455//1142 681//1143 
f 680//1144 460//1144 454//1143 
f 681//1143 680//1144 454//1143 
f 463//1145 686//1146 684//1147 
f 686//1146 463//1145 458//1147 
f 458//1147 685//1148 686//1146 
f 685//1148 459//1148 460//1144 
f 685//1148 458//1147 457//1149 
f 457//1149 459//1148 685//1148 
f 460//1144 680//1144 685//1148 
f 461//1150 688//1150 689//1151 
f 461//1150 463//1145 683//1152 
f 683//1152 688//1150 461//1150 
f 687//1153 464//1153 462//1154 
f 462//1154 461//1150 687//1153 
f 467//1155 693//1156 692//1157 
f 467//1155 691//1158 693//1156 
f 467//1155 464//1153 687//1153 
f 687//1153 691//1158 467//1155 
f 690//1159 468//1159 466//1160 
f 466//1160 465//1161 690//1159 
f 465//1161 467//1155 690//1159 
f 472//1162 697//1163 696//1164 
f 472//1162 695//1165 697//1163 
f 695//1165 471//1165 468//1159 
f 695//1165 472//1162 470//1164 
f 470//1164 469//1166 695//1165 
f 469//1166 471//1165 695//1165 
f 468//1159 690//1159 695//1165 
f 476//1167 701//1168 700//1169 
f 476//1167 699//1170 701//1168 
f 699//1170 475//1170 472//1162 
f 699//1170 476//1167 474//1169 
f 474//1169 473//1171 699//1170 
f 473//1171 475//1170 699//1170 
f 472//1162 694//1172 699//1170 
f 479//1173 705//1174 704//1175 
f 479//1173 703//1176 705//1174 
f 479//1173 476//1167 698//1177 
f 698//1177 703//1176 479//1173 
f 702//1178 483//1178 478//1179 
f 478//1179 477//1180 702//1178 
f 477//1180 479//1173 702//1178 
f 484//1181 709//1182 708//1183 
f 484//1181 706//1184 709//1182 
f 706//1184 482//1184 483//1178 
f 706//1184 484//1181 481//1183 
f 481//1183 480//1185 706//1184 
f 480//1185 482//1184 706//1184 
f 483//1178 702//1178 706//1184 
f 491//1186 713//1187 712//1188 
f 491//1186 711//1189 713//1187 
f 711//1189 487//1189 484//1181 
f 711//1189 491//1186 486//1188 
f 486//1188 485//1190 711//1189 
f 485//1190 487//1189 711//1189 
f 484//1181 707//1191 711//1189 
f 490//1192 717//1193 716//1194 
f 490//1192 715//1195 717//1193 
f 490//1192 491//1186 710//1196 
f 710//1196 715//1195 490//1192 
f 714//1197 495//1197 489//1198 
f 489//1198 488//1199 714//1197 
f 488//1199 490//1192 714//1197 
f 496//1200 721//1201 720//1202 
f 496//1200 719//1203 721//1201 
f 719//1203 494//1203 495//1197 
f 719//1203 496//1200 493//1202 
f 493//1202 492//1204 719//1203 
f 492//1204 494//1203 719//1203 
f 495//1197 714//1197 719//1203 
f 499//1205 725//1206 724//1207 
f 499//1205 723//1208 725//1206 
f 499//1205 496//1200 718//1209 
f 718//1209 723//1208 499//1205 
f 722//1210 503//1210 498//1211 
f 498//1211 497//1212 722//1210 
f 497//1212 499//1205 722//1210 
f 502//1213 729//1214 728//1215 
f 502//1213 727//1216 729//1214 
f 502//1213 503//1210 722//1210 
f 722//1210 727//1216 502//1213 
f 726//1217 508//1217 501//1218 
f 501//1218 500//1219 726//1217 
f 500//1219 502//1213 726//1217 
f 507//1220 733//1221 732//1222 
f 507//1220 734//1223 733//1221 
f 507//1220 731//1224 734//1223 
f 507//1220 508//1217 726//1217 
f 726//1217 731//1224 507//1220 
f 730//1225 509//1225 505//1226 
f 505//1226 504//1227 730//1225 
f 504//1227 506//1228 730//1225 
f 506//1228 507//1220 730//1225 
f 512//1229 738//1230 737//1231 
f 512//1229 736//1232 738//1230 
f 512//1229 509//1225 730//1225 
f 730//1225 736//1232 512//1229 
f 735//1233 514//1233 511//1234 
f 511//1234 510//1235 735//1233 
f 510//1235 512//1229 735//1233 
f 740//1236 513//1236 514//1233 
f 740//1236 515//1237 513//1236 
f 514//1233 735//1233 740//1236 
f 741//1237 516//1238 515//1237 
f 740//1236 741//1237 515//1237 
f 742//1238 519//1239 516//1238 
f 741//1237 742//1238 516//1238 
f 517//1240 744//1240 745//1241 
f 517//1240 519//1239 739//1242 
f 739//1242 744//1240 517//1240 
f 743//1243 520//1243 518//1244 
f 518//1244 517//1240 743//1243 
f 521//1245 747//1245 748//1246 
f 521//1245 520//1243 743//1243 
f 743//1243 747//1245 521//1245 
f 746//1247 525//1247 522//1246 
f 522//1246 521//1245 746//1247 
f 523//1248 750//1248 751//1249 
f 523//1248 525//1247 746//1247 
f 746//1247 750//1248 523//1248 
f 749//1250 526//1250 524//1249 
f 524//1249 523//1248 749//1250 
f 532//1251 753//1252 754//1253 
f 527//1252 526//1250 749//1250 
f 753//1252 532//1251 528//1253 
f 528//1253 527//1252 753//1252 
f 749//1250 753//1252 527//1252 
f 531//1254 758//1255 757//1256 
f 531//1254 756//1257 758//1255 
f 531//1254 532//1251 752//1258 
f 752//1258 756//1257 531//1254 
f 755//1259 535//1259 530//1260 
f 530//1260 529//1261 755//1259 
f 529//1261 531//1254 755//1259 
f 536//1262 760//1263 761//1264 
f 760//1263 533//1263 535//1259 
f 760//1263 536//1262 534//1264 
f 534//1264 533//1263 760//1263 
f 535//1259 755//1259 760//1263 
f 537//1265 763//1265 764//1266 
f 763//1265 537//1265 536//1262 
f 536//1262 759//1267 763//1265 
f 762//1268 539//1268 538//1269 
f 538//1269 537//1265 762//1268 
f 543//1270 768//1271 767//1272 
f 543//1270 766//1273 768//1271 
f 542//1273 539//1268 762//1268 
f 766//1273 543//1270 541//1272 
f 541//1272 540//1274 766//1273 
f 540//1274 542//1273 766//1273 
f 762//1268 766//1273 542//1273 
f 548//1275 769//1276 771//1277 
f 544//1276 543//1270 765//1278 
f 769//1276 548//1275 545//1277 
f 545//1277 544//1276 769//1276 
f 765//1278 769//1276 544//1276 
f 549//1279 773//1280 774//1281 
f 773//1280 546//1280 548//1275 
f 773//1280 549//1279 547//1281 
f 547//1281 546//1280 773//1280 
f 548//1275 770//1282 773//1280 
f 552//1283 778//1284 777//1285 
f 552//1283 776//1286 778//1284 
f 552//1283 549//1279 772//1287 
f 772//1287 776//1286 552//1283 
f 775//1288 553//1288 551//1289 
f 551//1289 550//1290 775//1288 
f 550//1290 552//1283 775//1288 
f 556//1291 779//1292 781//1293 
f 779//1292 554//1292 553//1288 
f 779//1292 556//1291 555//1293 
f 555//1293 554//1292 779//1292 
f 553//1288 775//1288 779//1292 
f 562//1294 785//1295 784//1296 
f 562//1294 783//1297 785//1295 
f 783//1297 559//1297 556//1291 
f 783//1297 562//1294 558//1296 
f 558//1296 557//1298 783//1297 
f 557//1298 559//1297 783//1297 
f 556//1291 780//1299 783//1297 
f 560//1300 787//1300 788//1301 
f 560//1300 562//1294 782//1302 
f 782//1302 787//1300 560//1300 
f 786//1303 563//1303 561//1304 
f 561//1304 560//1300 786//1303 
f 564//1305 790//1305 792//1306 
f 792//1306 791//1307 564//1305 
f 564//1305 563//1303 786//1303 
f 786//1303 790//1305 564//1305 
f 789//1308 566//1307 565//1309 
f 789//1308 567//1308 566//1307 
f 565//1309 564//1305 789//1308 
f 568//1310 794//1310 795//1311 
f 568//1310 567//1308 789//1308 
f 789//1308 794//1310 568//1310 
f 793//1312 572//1312 569//1311 
f 569//1311 568//1310 793//1312 
f 570//1313 797//1313 798//1314 
f 797//1313 570//1313 572//1312 
f 572//1312 793//1312 797//1313 
f 796//1315 573//1315 571//1314 
f 571//1314 570//1313 796//1315 
f 578//1316 800//1317 801//1318 
f 800//1317 574//1317 573//1315 
f 800//1317 578//1316 575//1318 
f 575//1318 574//1317 800//1317 
f 573//1315 796//1315 800//1317 
f 576//1319 803//1319 804//1320 
f 803//1319 576//1319 578//1316 
f 578//1316 799//1321 803//1319 
f 802//1322 579//1322 577//1323 
f 577//1323 576//1319 802//1322 
f 580//1324 806//1324 807//1325 
f 806//1324 580//1324 579//1322 
f 579//1322 802//1322 806//1324 
f 805//1326 582//1326 581//1325 
f 581//1325 580//1324 805//1326 
f 587//1327 809//1328 810//1329 
f 583//1328 582//1326 805//1326 
f 809//1328 587//1327 584//1329 
f 584//1329 583//1328 809//1328 
f 805//1326 809//1328 583//1328 
f 585//1330 812//1330 813//1331 
f 585//1330 587//1327 808//1332 
f 808//1332 812//1330 585//1330 
f 811//1333 588//1333 586//1334 
f 586//1334 585//1330 811//1333 
f 589//1335 815//1335 816//1336 
f 815//1335 589//1335 588//1333 
f 588//1333 811//1333 815//1335 
f 814//1337 593//1337 590//1336 
f 590//1336 589//1335 814//1337 
f 591//1338 818//1338 819//1339 
f 591//1338 593//1337 814//1337 
f 814//1337 818//1338 591//1338 
f 817//1340 594//1340 592//1339 
f 592//1339 591//1338 817//1340 
f 595//1341 820//1341 822//1342 
f 595//1341 594//1340 817//1340 
f 817//1340 820//1341 595//1341 
f 821//1343 597//1343 596//1342 
f 596//1342 595//1341 821//1343 
f 600//1344 824//1345 825//1346 
f 598//1345 597//1343 821//1343 
f 824//1345 600//1344 599//1346 
f 599//1346 598//1345 824//1345 
f 821//1343 824//1345 598//1345 
f 827//1347 601//1347 600//1344 
f 827//1347 602//1348 601//1347 
f 600//1344 823//1349 827//1347 
f 827//1347 828//1348 602//1348 
f 826//1350 603//1350 602//1348 
f 829//1351 604//1351 603//1350 
f 829//1351 605//1352 604//1351 
f 603//1350 826//1350 829//1351 
f 830//1352 606//1353 605//1352 
f 829//1351 830//1352 605//1352 
f 607//1354 606//1353 831//1353 
f 832//1354 608//1355 607//1354 
f 831//1353 832//1354 607//1354 
f 832//1354 833//1355 608//1355 
f 834//1356 610//1356 608//1355 
f 835//1357 609//1357 610//1356 
f 835//1357 611//1358 609//1357 
f 610//1356 834//1356 835//1357 
f 835//1357 836//1358 611//1358 
f 837//1359 615//1359 611//1358 
f 616//1360 838//1361 841//1362 
f 841//1362 840//1363 616//1360 
f 838//1361 612//1364 615//1359 
f 838//1361 616//1360 614//1363 
f 614//1363 613//1365 838//1361 
f 613//1365 612//1364 838//1361 
f 615//1359 837//1359 838//1361 
f 839//1366 618//1367 617//1368 
f 843//1368 619//1369 618//1367 
f 618//1367 839//1366 843//1368 
f 843//1368 842//1370 619//1369 
f 842//1370 844//1369 619//1369 
f 845//1371 620//1371 619//1369 
f 845//1371 621//1372 620//1371 
f 619//1369 844//1369 845//1371 
f 622//1373 621//1372 846//1372 
f 846//1372 847//1373 622//1373 
f 848//1374 623//1374 622//1373 
f 848//1374 624//1375 623//1374 
f 847//1373 848//1374 622//1373 
f 625//1376 624//1375 849//1375 
f 849//1375 850//1376 625//1376 
f 851//1377 626//1377 625//1376 
f 851//1377 627//1378 626//1377 
f 850//1376 851//1377 625//1376 
f 628//1379 627//1378 852//1378 
f 852//1378 853//1379 628//1379 
f 854//1380 629//1380 628//1379 
f 854//1380 630//1381 629//1380 
f 853//1379 854//1380 628//1379 
f 855//1381 632//1382 631//1383 
f 857//1383 633//1384 632//1382 
f 632//1382 855//1381 857//1383 
f 857//1383 856//1385 633//1384 
f 631//1383 630//1381 855//1381 
f 858//1384 635//1386 634//1387 
f 860//1387 636//1388 635//1386 
f 635//1386 858//1384 860//1387 
f 860//1387 859//1389 636//1388 
f 634//1387 633//1384 858//1384 
f 861//1388 638//1390 637//1391 
f 863//1391 639//1392 638//1390 
f 638//1390 861//1388 863//1391 
f 863//1391 862//1393 639//1392 
f 862//1393 864//1392 639//1392 
f 865//1394 640//1394 639//1392 
f 865//1394 641//1395 640//1394 
f 639//1392 864//1392 865//1394 
f 866//1395 643//1396 642//1397 
f 868//1397 644//1398 643//1396 
f 643//1396 866//1395 868//1397 
f 868//1397 867//1399 644//1398 
f 642//1397 641//1395 866//1395 
f 869//1398 646//1400 645//1401 
f 871//1401 649//1402 646//1400 
f 646//1400 869//1398 871//1401 
f 871//1401 870//1403 649//1402 
f 645//1401 644//1398 869//1398 
f 647//1404 873//1404 875//1405 
f 647//1404 649//1402 872//1406 
f 872//1406 873//1404 647//1404 
f 874//1407 650//1407 648//1408 
f 648//1408 647//1404 874//1407 
f 874//1407 652//1409 651//1410 
f 877//1410 654//1411 652//1409 
f 652//1409 874//1407 877//1410 
f 877//1410 876//1412 654//1411 
f 876//1412 878//1411 654//1411 
f 880//1413 655//1414 653//1413 
f 653//1413 878//1411 880//1413 
f 653//1413 654//1411 878//1411 
f 879//1414 657//1415 656//1416 
f 882//1416 658//1417 657//1415 
f 657//1415 879//1414 882//1416 
f 882//1416 881//1418 658//1417 
f 656//1416 655//1414 879//1414 
f 883//1417 660//1419 659//1420 
f 885//1420 661//1421 660//1419 
f 660//1419 883//1417 885//1420 
f 885//1420 884//1422 661//1421 
f 884//1422 886//1421 661//1421 
f 886//1421 663//1423 662//1424 
f 888//1424 664//1425 663//1423 
f 663//1423 886//1421 888//1424 
f 888//1424 887//1426 664//1425 
f 662//1424 661//1421 886//1421 
f 889//1425 666//1427 665//1428 
f 891//1428 667//1429 666//1427 
f 666//1427 889//1425 891//1428 
f 891//1428 890//1430 667//1429 
f 665//1428 664//1425 889//1425 
f 892//1429 669//1431 668//1432 
f 894//1432 670//1433 669//1431 
f 669//1431 892//1429 894//1432 
f 894//1432 893//1434 670//1433 
f 893//1434 895//1433 670//1433 
f 897//1435 672//1436 671//1435 
f 671//1435 895//1433 897//1435 
f 671//1435 670//1433 895//1433 
f 897//1435 898//1436 672//1436 
f 668//1432 667//1429 892//1429 
f 890//1430 892//1429 667//1429 
f 887//1426 889//1425 664//1425 
f 659//1420 658//1417 883//1417 
f 881//1418 883//1417 658//1417 
f 880//1413 879//1414 655//1414 
f 651//1410 650//1407 874//1407 
f 875//1405 874//1407 647//1404 
f 870//1403 872//1406 649//1402 
f 867//1399 869//1398 644//1398 
f 865//1394 866//1395 641//1395 
f 637//1391 636//1388 861//1388 
f 859//1389 861//1388 636//1388 
f 856//1385 858//1384 633//1384 
f 854//1380 855//1381 630//1381 
f 851//1377 852//1378 627//1378 
f 848//1374 849//1375 624//1375 
f 845//1371 846//1372 621//1372 
f 617//1368 616//1360 839//1366 
f 840//1363 839//1366 616//1360 
f 836//1358 837//1359 611//1358 
f 833//1355 834//1356 608//1355 
f 830//1352 831//1353 606//1353 
f 828//1348 826//1350 602//1348 
f 825//1346 823//1349 600//1344 
f 822//1342 821//1343 595//1341 
f 819//1339 817//1340 591//1338 
f 816//1336 814//1337 589//1335 
f 813//1331 811//1333 585//1330 
f 810//1329 808//1332 587//1327 
f 807//1325 805//1326 580//1324 
f 804//1320 802//1322 576//1319 
f 801//1318 799//1321 578//1316 
f 798//1314 796//1315 570//1313 
f 795//1311 793//1312 568//1310 
f 791//1307 789//1308 564//1305 
f 788//1301 786//1303 560//1300 
f 784//1296 782//1302 562//1294 
f 781//1293 780//1299 556//1291 
f 777//1285 775//1288 552//1283 
f 774//1281 772//1287 549//1279 
f 771//1277 770//1282 548//1275 
f 767//1272 765//1278 543//1270 
f 764//1266 762//1268 537//1265 
f 761//1264 759//1267 536//1262 
f 757//1256 755//1259 531//1254 
f 754//1253 752//1258 532//1251 
f 751//1249 749//1250 523//1248 
f 748//1246 746//1247 521//1245 
f 745//1241 743//1243 517//1240 
f 742//1238 739//1242 519//1239 
f 737//1231 735//1233 512//1229 
f 732//1222 730//1225 507//1220 
f 728//1215 726//1217 502//1213 
f 724//1207 722//1210 499//1205 
f 720//1202 718//1209 496//1200 
f 716//1194 714//1197 490//1192 
f 712//1188 710//1196 491//1186 
f 708//1183 707//1191 484//1181 
f 704//1175 702//1178 479//1173 
f 700//1169 698//1177 476//1167 
f 696//1164 694//1172 472//1162 
f 692//1157 690//1159 467//1155 
f 689//1151 687//1153 461//1150 
f 684//1147 683//1152 463//1145 
f 682//1142 681//1143 455//1142 
f 679//1139 678//1140 452//1139 
f 450//1137 441//1437 675//1137 
o mesh7
f 898//1438 899//1438 900//1438 
f 900//1438 672//1438 898//1438 
o mesh8
f 896//1439 901//1439 899//1439 
f 899//1439 898//1439 896//1439 
o mesh9
f 673//1440 672//1440 900//1440 
f 900//1440 902//1440 673//1440 
o mesh10
f 896//1441 448//1441 903//1441 
f 448//1441 445//1441 904//1441 
f 904//1441 903//1441 448//1441 
f 673//1441 905//1441 904//1441 
f 904//1441 445//1441 673//1441 
f 903//1441 906//1441 896//1441 
o mesh11
f 905//1440 907//1440 908//1440 
f 908//1440 904//1440 905//1440 
o mesh12
f 904//1442 908//1442 909//1442 
f 909//1442 903//1442 904//1442 
o mesh13
f 903//1443 909//1443 910//1443 
f 910//1443 906//1443 903//1443 
o mesh14
f 907//1442 905//1442 902//1442 
f 905//1442 673//1442 902//1442 
f 902//1442 911//1442 907//1442 
o mesh15
f 911//1443 902//1443 446//1443 
f 446//1443 912//1443 911//1443 
o mesh16
f 913//1444 909//1444 908//1444 
f 914//1444 910//1444 909//1444 
f 911//1444 912//1444 908//1444 
f 909//1444 913//1444 914//1444 
f 908//1444 912//1444 913//1444 
f 908//1444 907//1444 911//1444 
o mesh17
f 448//1445 447//1445 446//1445 
f 912//1445 446//1445 447//1445 
f 447//1445 913//1445 912//1445 
f 446//1445 445//1445 448//1445 
o mesh18
f 910//1446 914//1446 901//1446 
f 901//1446 906//1446 910//1446 
f 901//1446 896//1446 906//1446 
o mesh19
f 913//1447 447//1447 901//1447 
f 901//1447 914//1447 913//1447 
o mesh20
f 915//1448 916//1448 901//1448 
f 901//1448 447//1448 915//1448 
f 917//1448 918//1448 446//1448 
f 916//1448 899//1448 901//1448 
f 917//1448 900//1448 899//1448 
f 446//1448 902//1448 917//1448 
f 899//1448 916//1448 917//1448 
f 918//1448 443//1448 446//1448 
f 915//1448 444//1448 443//1448 
f 902//1448 900//1448 917//1448 
f 447//1448 444//1448 915//1448 
f 443//1448 918//1448 915//1448 
o mesh21
f 918//1449 917//1449 919//1449 
f 919//1449 920//1449 918//1449 
o mesh22
f 915//1450 921//1450 922//1450 
f 922//1450 916//1450 915//1450 
o mesh23
f 915//1451 918//1451 920//1451 
f 920//1451 921//1451 915//1451 
o mesh24
f 923//1452 924//1453 925//1454 
f 925//1454 926//1454 923//1452 
f 927//1455 928//1456 929//1457 
f 927//1455 924//1453 930//1458 
f 930//1458 928//1456 927//1455 
f 931//1459 932//1459 933//1460 
f 933//1460 927//1455 931//1459 
f 934//1461 935//1462 936//1463 
f 934//1461 937//1464 935//1462 
f 934//1461 932//1459 931//1459 
f 931//1459 937//1464 934//1461 
f 938//1465 939//1465 940//1466 
f 940//1466 941//1467 938//1465 
f 941//1467 934//1461 938//1465 
f 942//1468 943//1469 944//1470 
f 943//1469 942//1468 939//1465 
f 939//1465 938//1465 943//1469 
f 945//1471 946//1471 947//1472 
f 947//1472 942//1468 945//1471 
f 948//1473 949//1474 950//1475 
f 949//1474 948//1473 946//1471 
f 946//1471 945//1471 949//1474 
f 951//1476 952//1476 953//1477 
f 953//1477 948//1473 951//1476 
f 954//1478 955//1479 956//1480 
f 954//1478 957//1481 955//1479 
f 957//1481 954//1478 952//1476 
f 952//1476 951//1476 957//1481 
f 958//1482 959//1482 960//1483 
f 960//1483 954//1478 958//1482 
f 961//1484 962//1485 963//1486 
f 961//1484 964//1487 962//1485 
f 961//1484 959//1482 958//1482 
f 958//1482 964//1487 961//1484 
f 965//1488 966//1488 967//1489 
f 967//1489 961//1484 965//1488 
f 968//1490 966//1488 965//1488 
f 965//1488 969//1491 968//1490 
f 969//1491 970//1492 968//1490 
f 971//1493 972//1494 968//1490 
f 971//1493 973//1493 972//1494 
f 974//1495 975//1496 976//1497 
f 974//1495 977//1498 975//1496 
f 977//1498 974//1495 973//1493 
f 973//1493 971//1493 977//1498 
f 978//1499 979//1499 980//1500 
f 980//1500 974//1495 978//1499 
f 981//1501 982//1502 983//1503 
f 981//1501 979//1499 978//1499 
f 978//1499 982//1502 981//1501 
f 984//1504 985//1504 986//1505 
f 986//1505 981//1501 984//1504 
f 987//1506 988//1507 989//1508 
f 987//1506 985//1504 984//1504 
f 984//1504 988//1507 987//1506 
f 990//1509 991//1509 992//1510 
f 992//1510 987//1506 990//1509 
f 993//1511 994//1512 995//1513 
f 993//1511 996//1514 994//1512 
f 996//1514 993//1511 991//1509 
f 991//1509 990//1509 996//1514 
f 997//1515 998//1515 999//1516 
f 999//1516 993//1511 997//1515 
f 1000//1517 1001//1518 1002//1519 
f 1000//1517 998//1515 997//1515 
f 997//1515 1001//1518 1000//1517 
f 1003//1520 1004//1520 1005//1521 
f 1005//1521 1000//1517 1003//1520 
f 1006//1522 1007//1523 1008//1524 
f 1006//1522 1004//1520 1003//1520 
f 1003//1520 1007//1523 1006//1522 
f 1009//1525 1010//1525 1011//1526 
f 1011//1526 1006//1522 1009//1525 
f 1012//1527 1013//1528 1014//1529 
f 1012//1527 1015//1530 1013//1528 
f 1015//1530 1012//1527 1010//1525 
f 1010//1525 1009//1525 1015//1530 
f 1016//1531 1017//1531 1018//1532 
f 1018//1532 1019//1533 1016//1531 
f 1019//1533 1012//1527 1016//1531 
f 1020//1534 1021//1535 1022//1536 
f 1020//1534 1023//1537 1021//1535 
f 1023//1537 1020//1534 1017//1531 
f 1017//1531 1016//1531 1023//1537 
f 1024//1538 1025//1538 1026//1539 
f 1026//1539 1020//1534 1024//1538 
f 1027//1540 1028//1541 1029//1542 
f 1027//1540 1025//1538 1024//1538 
f 1024//1538 1028//1541 1027//1540 
f 1030//1543 1031//1543 1032//1544 
f 1032//1544 1027//1540 1030//1543 
f 1033//1545 1034//1546 1035//1547 
f 1033//1545 1036//1548 1034//1546 
f 1036//1548 1033//1545 1031//1543 
f 1031//1543 1030//1543 1036//1548 
f 1037//1549 1038//1549 1039//1550 
f 1039//1550 1033//1545 1037//1549 
f 1040//1551 1041//1552 1042//1553 
f 1040//1551 1038//1549 1037//1549 
f 1037//1549 1041//1552 1040//1551 
f 1043//1554 1044//1554 1045//1555 
f 1045//1555 1040//1551 1043//1554 
f 1046//1556 1047//1557 1048//1558 
f 1046//1556 1049//1559 1047//1557 
f 1049//1559 1046//1556 1044//1554 
f 1044//1554 1043//1554 1049//1559 
f 1050//1560 1051//1560 1052//1561 
f 1052//1561 1046//1556 1050//1560 
f 1053//1562 1054//1563 1055//1564 
f 1053//1562 1056//1565 1054//1563 
f 1056//1565 1053//1562 1051//1560 
f 1051//1560 1050//1560 1056//1565 
f 1057//1566 1058//1566 1059//1567 
f 1059//1567 1053//1562 1057//1566 
f 1060//1568 1061//1569 1062//1570 
f 1060//1568 1063//1571 1061//1569 
f 1063//1571 1060//1568 1058//1566 
f 1058//1566 1057//1566 1063//1571 
f 1064//1572 1065//1572 1066//1573 
f 1066//1573 1060//1568 1064//1572 
f 1067//1574 1068//1575 1069//1576 
f 1067//1574 1065//1572 1064//1572 
f 1064//1572 1068//1575 1067//1574 
f 1070//1577 1071//1577 1072//1578 
f 1072//1578 1067//1574 1070//1577 
f 1073//1579 1074//1580 1075//1581 
f 1073//1579 1076//1582 1074//1580 
f 1076//1582 1073//1579 1071//1577 
f 1071//1577 1070//1577 1076//1582 
f 1077//1583 1078//1584 1073//1579 
f 1077//1583 1079//1583 1078//1584 
f 1080//1585 1081//1586 1079//1583 
f 1079//1583 1077//1583 1080//1585 
f 1080//1585 1082//1587 1081//1586 
f 1082//1587 1083//1588 1081//1586 
f 1084//1589 1085//1589 1086//1590 
f 1086//1590 1081//1586 1084//1589 
f 1087//1591 1088//1592 1089//1593 
f 1087//1591 1085//1589 1084//1589 
f 1084//1589 1088//1592 1087//1591 
f 1090//1594 1091//1594 1092//1595 
f 1092//1595 1087//1591 1090//1594 
f 1093//1596 1094//1597 1095//1598 
f 1094//1597 1093//1596 1091//1594 
f 1091//1594 1090//1594 1094//1597 
f 1096//1599 1097//1599 1093//1596 
f 1098//1600 1099//1601 1100//1602 
f 1098//1600 1097//1599 1096//1599 
f 1096//1599 1099//1601 1098//1600 
f 1101//1603 1102//1603 1103//1604 
f 1103//1604 1098//1600 1101//1603 
f 1104//1605 1105//1606 1106//1607 
f 1104//1605 1102//1603 1101//1603 
f 1101//1603 1105//1606 1104//1605 
f 1107//1608 1108//1608 1109//1609 
f 1109//1609 1104//1605 1107//1608 
f 1110//1610 1111//1611 1112//1612 
f 1110//1610 1108//1608 1107//1608 
f 1107//1608 1111//1611 1110//1610 
f 1113//1613 1114//1613 1115//1614 
f 1115//1614 1110//1610 1113//1613 
f 1116//1615 1117//1616 1118//1617 
f 1116//1615 1114//1613 1113//1613 
f 1113//1613 1117//1616 1116//1615 
f 1119//1618 1120//1618 1121//1619 
f 1121//1619 1116//1615 1119//1618 
f 1122//1620 1123//1621 1124//1622 
f 1123//1621 1122//1620 1120//1618 
f 1120//1618 1119//1618 1123//1621 
f 1125//1623 1126//1623 1127//1624 
f 1127//1624 1122//1620 1125//1623 
f 1128//1625 1129//1626 1126//1623 
f 1126//1623 1125//1623 1128//1625 
f 1130//1627 1131//1628 1132//1629 
f 1130//1627 1129//1626 1133//1630 
f 1133//1630 1131//1628 1130//1627 
f 1134//1631 1135//1631 1136//1632 
f 1136//1632 1130//1627 1134//1631 
f 1137//1633 1138//1634 1139//1635 
f 1137//1633 1135//1631 1134//1631 
f 1134//1631 1138//1634 1137//1633 
f 1140//1636 1141//1636 1142//1637 
f 1142//1637 1137//1633 1140//1636 
f 1143//1638 1144//1639 1145//1640 
f 1143//1638 1141//1636 1140//1636 
f 1140//1636 1144//1639 1143//1638 
f 1146//1641 1147//1641 1148//1642 
f 1148//1642 1143//1638 1146//1641 
f 1149//1643 1150//1644 1151//1645 
f 1150//1644 1149//1643 1147//1641 
f 1147//1641 1146//1641 1150//1644 
f 1152//1646 1153//1646 1154//1647 
f 1154//1647 1149//1643 1152//1646 
f 1155//1648 1156//1649 1157//1650 
f 1155//1648 1158//1651 1156//1649 
f 1158//1651 1155//1648 1153//1646 
f 1153//1646 1152//1646 1158//1651 
f 1159//1652 1160//1652 1161//1653 
f 1161//1653 1155//1648 1159//1652 
f 1162//1654 1163//1655 1164//1656 
f 1162//1654 1160//1652 1159//1652 
f 1159//1652 1163//1655 1162//1654 
f 1165//1657 1166//1657 1167//1658 
f 1167//1658 1162//1654 1165//1657 
f 1168//1659 1166//1657 1165//1657 
f 1165//1657 1169//1660 1168//1659 
f 1169//1660 1170//1661 1168//1659 
f 1171//1662 1172//1662 1173//1663 
f 1173//1663 1168//1659 1171//1662 
f 1174//1664 1175//1665 1176//1666 
f 1175//1665 1174//1664 1172//1662 
f 1172//1662 1171//1662 1175//1665 
f 1177//1667 1178//1667 1179//1668 
f 1179//1668 1174//1664 1177//1667 
f 1180//1669 1181//1670 1182//1671 
f 1181//1670 1180//1669 1178//1667 
f 1178//1667 1177//1667 1181//1670 
f 1183//1672 1184//1672 1185//1673 
f 1185//1673 1180//1669 1183//1672 
f 1186//1674 1187//1675 1188//1676 
f 1187//1675 1186//1674 1184//1672 
f 1184//1672 1183//1672 1187//1675 
f 1189//1677 1190//1677 1191//1678 
f 1191//1678 1186//1674 1189//1677 
f 1192//1679 1193//1680 1190//1677 
f 1190//1677 1189//1677 1192//1679 
f 1194//1681 1195//1682 1196//1683 
f 1196//1683 1193//1680 1194//1681 
f 1192//1679 1194//1681 1193//1680 
f 1197//1684 1198//1685 1195//1682 
f 1197//1684 1199//1686 1200//1687 
f 1200//1687 1198//1685 1197//1684 
f 1195//1682 1201//1688 1197//1684 
f 1197//1684 1202//1689 1199//1686 
f 1203//1690 1199//1686 1204//1691 
f 1205//1692 1206//1693 1207//1694 
f 1207//1694 1208//1695 1205//1692 
f 1208//1695 1203//1690 1205//1692 
f 1204//1691 1205//1692 1203//1690 
f 1205//1692 1209//1696 1206//1693 
f 1210//1697 1206//1693 1211//1698 
f 1212//1699 1213//1700 1214//1701 
f 1214//1701 1215//1702 1212//1699 
f 1215//1702 1210//1697 1212//1699 
f 1211//1698 1212//1699 1210//1697 
f 1212//1699 1216//1703 1213//1700 
f 1217//1704 1213//1700 1218//1705 
f 1219//1706 1220//1707 1217//1704 
f 1219//1706 1221//1708 1220//1707 
f 1218//1705 1219//1706 1217//1704 
f 1219//1706 1222//1709 1221//1708 
f 1223//1708 1224//1710 1225//1711 
f 1223//1708 1226//1712 1224//1710 
f 1227//1713 1228//1714 1226//1712 
f 1226//1712 1223//1708 1227//1713 
f 1225//1711 1221//1708 1223//1708 
f 1229//1714 1230//1715 1231//1716 
f 1229//1714 1232//1717 1230//1715 
f 1233//1718 1234//1719 1232//1717 
f 1232//1717 1229//1714 1233//1718 
f 1231//1716 1228//1714 1229//1714 
f 1233//1718 1235//1720 1234//1719 
f 1236//1719 1237//1721 1238//1722 
f 1239//1723 1240//1724 1237//1721 
f 1237//1721 1236//1719 1239//1723 
f 1238//1722 1234//1719 1236//1719 
f 1239//1723 1241//1725 1240//1724 
f 1242//1724 1243//1726 1244//1727 
f 1242//1724 1245//1728 1243//1726 
f 1246//1729 1247//1730 1245//1728 
f 1245//1728 1242//1724 1246//1729 
f 1244//1727 1240//1724 1242//1724 
f 1246//1729 1248//1731 1247//1730 
f 1249//1730 1250//1732 1251//1733 
f 1249//1730 1252//1734 1250//1732 
f 1253//1735 1254//1736 1252//1734 
f 1252//1734 1249//1730 1253//1735 
f 1251//1733 1247//1730 1249//1730 
f 1253//1735 1255//1737 1254//1736 
f 1256//1736 1257//1738 1258//1739 
f 1259//1740 1260//1741 1257//1738 
f 1257//1738 1256//1736 1259//1740 
f 1258//1739 1254//1736 1256//1736 
f 1259//1740 1261//1742 1260//1741 
f 1262//1741 1263//1743 1264//1744 
f 1262//1741 1265//1745 1263//1743 
f 1266//1746 1267//1747 1265//1745 
f 1265//1745 1262//1741 1266//1746 
f 1264//1744 1260//1741 1262//1741 
f 1266//1746 1268//1748 1267//1747 
f 1269//1747 1270//1749 1271//1750 
f 1272//1751 1273//1752 1270//1749 
f 1270//1749 1269//1747 1272//1751 
f 1271//1750 1267//1747 1269//1747 
f 1274//1752 1275//1753 1276//1754 
f 1276//1754 1277//1755 1274//1752 
f 1278//1756 1279//1757 1275//1753 
f 1275//1753 1274//1752 1278//1756 
f 1277//1755 1273//1752 1274//1752 
f 1278//1756 1280//1758 1279//1757 
f 1281//1759 1282//1760 1283//1761 
f 1284//1762 1285//1763 1286//1764 
f 1286//1764 1287//1765 1284//1762 
f 1282//1760 1281//1759 1285//1763 
f 1285//1763 1284//1762 1282//1760 
f 1287//1765 1279//1757 1284//1762 
f 1288//1766 1289//1767 1290//1768 
f 1291//1769 1292//1770 1289//1767 
f 1289//1767 1288//1766 1291//1769 
f 1290//1768 1281//1759 1288//1766 
f 1291//1769 1293//1771 1292//1770 
f 1294//1770 1295//1772 1296//1773 
f 1297//1774 1298//1775 1295//1772 
f 1295//1772 1294//1770 1297//1774 
f 1296//1773 1292//1770 1294//1770 
f 1297//1774 1299//1776 1298//1775 
f 1300//1775 1301//1777 1302//1778 
f 1302//1778 1303//1779 1300//1775 
f 1304//1780 1305//1781 1301//1777 
f 1301//1777 1300//1775 1304//1780 
f 1303//1779 1298//1775 1300//1775 
f 1306//1781 1307//1782 1308//1783 
f 1309//1784 1310//1785 1307//1782 
f 1307//1782 1306//1781 1309//1784 
f 1308//1783 1305//1781 1306//1781 
f 1309//1784 1311//1786 1310//1785 
f 1312//1785 1313//1787 1314//1788 
f 1315//1789 1316//1790 1313//1787 
f 1313//1787 1312//1785 1315//1789 
f 1314//1788 1310//1785 1312//1785 
f 1315//1789 1317//1791 1316//1790 
f 1318//1790 1319//1792 1320//1793 
f 1321//1794 1322//1795 1319//1792 
f 1319//1792 1318//1790 1321//1794 
f 1320//1793 1316//1790 1318//1790 
f 1321//1794 1323//1796 1322//1795 
f 1324//1795 1325//1797 1326//1798 
f 1327//1799 1328//1800 1325//1797 
f 1325//1797 1324//1795 1327//1799 
f 1326//1798 1322//1795 1324//1795 
f 1327//1799 1329//1801 1328//1800 
f 1330//1800 1331//1802 1332//1803 
f 1333//1804 1334//1805 1331//1802 
f 1331//1802 1330//1800 1333//1804 
f 1332//1803 1328//1800 1330//1800 
f 1333//1804 1335//1806 1334//1805 
f 1336//1805 1337//1807 1338//1808 
f 1339//1809 1340//1810 1337//1807 
f 1337//1807 1336//1805 1339//1809 
f 1338//1808 1334//1805 1336//1805 
f 1339//1809 1341//1811 1340//1810 
f 1342//1812 1340//1810 1343//1813 
f 1343//1813 1344//1814 1342//1812 
f 921//1815 920//1815 1345//1816 
f 1345//1816 1342//1812 921//1815 
f 1344//1814 921//1815 1342//1812 
f 1341//1811 1343//1813 1340//1810 
f 1335//1806 1336//1805 1334//1805 
f 1329//1801 1330//1800 1328//1800 
f 1323//1796 1324//1795 1322//1795 
f 1317//1791 1318//1790 1316//1790 
f 1311//1786 1312//1785 1310//1785 
f 1304//1780 1306//1781 1305//1781 
f 1299//1776 1300//1775 1298//1775 
f 1293//1771 1294//1770 1292//1770 
f 1283//1761 1288//1766 1281//1759 
f 1280//1758 1284//1762 1279//1757 
f 1272//1751 1274//1752 1273//1752 
f 1268//1748 1269//1747 1267//1747 
f 1261//1742 1262//1741 1260//1741 
f 1255//1737 1256//1736 1254//1736 
f 1248//1731 1249//1730 1247//1730 
f 1241//1725 1242//1724 1240//1724 
f 1235//1720 1236//1719 1234//1719 
f 1227//1713 1229//1714 1228//1714 
f 1222//1709 1223//1708 1221//1708 
f 1216//1703 1218//1705 1213//1700 
f 1209//1696 1211//1698 1206//1693 
f 1202//1689 1204//1691 1199//1686 
f 1194//1681 1201//1688 1195//1682 
f 1188//1676 1189//1677 1186//1674 
f 1182//1671 1183//1672 1180//1669 
f 1176//1666 1177//1667 1174//1664 
f 1170//1661 1171//1662 1168//1659 
f 1164//1656 1165//1657 1162//1654 
f 1157//1650 1159//1652 1155//1648 
f 1151//1645 1152//1646 1149//1643 
f 1145//1640 1146//1641 1143//1638 
f 1139//1635 1140//1636 1137//1633 
f 1132//1629 1134//1631 1130//1627 
f 1128//1625 1133//1630 1129//1626 
f 1124//1622 1125//1623 1122//1620 
f 1118//1617 1119//1618 1116//1615 
f 1112//1612 1113//1613 1110//1610 
f 1106//1607 1107//1608 1104//1605 
f 1100//1602 1101//1603 1098//1600 
f 1095//1598 1096//1599 1093//1596 
f 1089//1593 1090//1594 1087//1591 
f 1083//1588 1084//1589 1081//1586 
f 1075//1581 1077//1583 1073//1579 
f 1069//1576 1070//1577 1067//1574 
f 1062//1570 1064//1572 1060//1568 
f 1055//1564 1057//1566 1053//1562 
f 1048//1558 1050//1560 1046//1556 
f 1042//1553 1043//1554 1040//1551 
f 1035//1547 1037//1549 1033//1545 
f 1029//1542 1030//1543 1027//1540 
f 1022//1536 1024//1538 1020//1534 
f 1014//1529 1016//1531 1012//1527 
f 1008//1524 1009//1525 1006//1522 
f 1002//1519 1003//1520 1000//1517 
f 995//1513 997//1515 993//1511 
f 989//1508 990//1509 987//1506 
f 983//1503 984//1504 981//1501 
f 976//1497 978//1499 974//1495 
f 970//1492 971//1493 968//1490 
f 963//1486 965//1488 961//1484 
f 956//1480 958//1482 954//1478 
f 950//1475 951//1476 948//1473 
f 944//1470 945//1471 942//1468 
f 936//1463 938//1465 934//1461 
f 929//1457 931//1459 927//1455 
f 923//1452 930//1458 924//1453 
o mesh25
f 917//1817 916//1817 922//1817 
f 922//1817 919//1817 917//1817 
o mesh26
f 1346//1818 923//1819 1347//1820 
f 923//1819 926//1820 1347//1820 
f 1347//1820 1348//1820 1346//1818 
f 1346//1818 930//1821 923//1819 
f 931//1822 1349//1823 1350//1824 
f 1349//1823 928//1825 930//1821 
f 1349//1823 931//1822 929//1826 
f 929//1826 928//1825 1349//1823 
f 930//1821 1346//1818 1349//1823 
f 938//1827 1351//1828 1352//1829 
f 938//1827 1353//1830 1351//1828 
f 1353//1830 937//1831 931//1822 
f 1353//1830 938//1827 936//1832 
f 936//1832 935//1833 1353//1830 
f 935//1833 937//1831 1353//1830 
f 931//1822 1354//1834 1353//1830 
f 945//1835 1355//1836 1356//1837 
f 943//1838 938//1827 1357//1839 
f 1355//1836 945//1835 944//1840 
f 944//1840 943//1838 1355//1836 
f 1357//1839 1355//1836 943//1838 
f 951//1841 1358//1842 1359//1843 
f 949//1844 945//1835 1360//1845 
f 1358//1842 951//1841 950//1846 
f 950//1846 949//1844 1358//1842 
f 1360//1845 1358//1842 949//1844 
f 958//1847 1361//1848 1362//1849 
f 957//1850 951//1841 1363//1851 
f 1361//1848 958//1847 956//1852 
f 956//1852 955//1853 1361//1848 
f 955//1853 957//1850 1361//1848 
f 1363//1851 1361//1848 957//1850 
f 965//1854 1364//1855 1365//1856 
f 1364//1855 964//1857 958//1847 
f 1364//1855 965//1854 963//1858 
f 963//1858 962//1859 1364//1855 
f 962//1859 964//1857 1364//1855 
f 958//1847 1366//1860 1364//1855 
f 1367//1861 969//1862 965//1854 
f 1367//1861 970//1863 969//1862 
f 1367//1861 971//1864 970//1863 
f 965//1854 1368//1865 1367//1861 
f 1367//1861 1369//1866 971//1864 
f 978//1867 1370//1868 1371//1869 
f 977//1870 971//1864 1372//1871 
f 1370//1868 978//1867 976//1872 
f 976//1872 975//1873 1370//1868 
f 975//1873 977//1870 1370//1868 
f 1372//1871 1370//1868 977//1870 
f 984//1874 1373//1875 1374//1876 
f 1373//1875 982//1877 978//1867 
f 1373//1875 984//1874 983//1878 
f 983//1878 982//1877 1373//1875 
f 978//1867 1375//1879 1373//1875 
f 990//1880 1376//1881 1377//1882 
f 1376//1881 988//1883 984//1874 
f 1376//1881 990//1880 989//1884 
f 989//1884 988//1883 1376//1881 
f 984//1874 1378//1885 1376//1881 
f 997//1886 1379//1887 1380//1888 
f 996//1889 990//1880 1381//1890 
f 1379//1887 997//1886 995//1891 
f 995//1891 994//1892 1379//1887 
f 994//1892 996//1889 1379//1887 
f 1381//1890 1379//1887 996//1889 
f 1003//1893 1382//1894 1383//1895 
f 1382//1894 1001//1896 997//1886 
f 1382//1894 1003//1893 1002//1897 
f 1002//1897 1001//1896 1382//1894 
f 997//1886 1384//1898 1382//1894 
f 1009//1899 1385//1900 1386//1901 
f 1385//1900 1007//1902 1003//1893 
f 1385//1900 1009//1899 1008//1903 
f 1008//1903 1007//1902 1385//1900 
f 1003//1893 1387//1904 1385//1900 
f 1016//1905 1388//1906 1389//1907 
f 1016//1905 1390//1908 1388//1906 
f 1015//1909 1009//1899 1391//1910 
f 1390//1908 1016//1905 1014//1911 
f 1014//1911 1013//1912 1390//1908 
f 1013//1912 1015//1909 1390//1908 
f 1391//1910 1390//1908 1015//1909 
f 1024//1913 1392//1914 1393//1915 
f 1023//1916 1016//1905 1394//1917 
f 1392//1914 1024//1913 1022//1918 
f 1022//1918 1021//1919 1392//1914 
f 1021//1919 1023//1916 1392//1914 
f 1394//1917 1392//1914 1023//1916 
f 1030//1920 1395//1921 1396//1922 
f 1395//1921 1028//1923 1024//1913 
f 1395//1921 1030//1920 1029//1924 
f 1029//1924 1028//1923 1395//1921 
f 1024//1913 1397//1925 1395//1921 
f 1037//1926 1398//1927 1399//1928 
f 1036//1929 1030//1920 1400//1930 
f 1398//1927 1037//1926 1035//1931 
f 1035//1931 1034//1932 1398//1927 
f 1034//1932 1036//1929 1398//1927 
f 1400//1930 1398//1927 1036//1929 
f 1043//1933 1401//1934 1402//1935 
f 1401//1934 1041//1936 1037//1926 
f 1401//1934 1043//1933 1042//1937 
f 1042//1937 1041//1936 1401//1934 
f 1037//1926 1403//1938 1401//1934 
f 1050//1939 1404//1940 1405//1941 
f 1049//1942 1043//1933 1406//1943 
f 1404//1940 1050//1939 1048//1944 
f 1048//1944 1047//1945 1404//1940 
f 1047//1945 1049//1942 1404//1940 
f 1406//1943 1404//1940 1049//1942 
f 1057//1946 1407//1947 1408//1948 
f 1056//1949 1050//1939 1409//1950 
f 1407//1947 1057//1946 1055//1951 
f 1055//1951 1054//1952 1407//1947 
f 1054//1952 1056//1949 1407//1947 
f 1409//1950 1407//1947 1056//1949 
f 1064//1953 1410//1954 1411//1955 
f 1063//1956 1057//1946 1412//1957 
f 1410//1954 1064//1953 1062//1958 
f 1062//1958 1061//1959 1410//1954 
f 1061//1959 1063//1956 1410//1954 
f 1412//1957 1410//1954 1063//1956 
f 1070//1960 1413//1961 1414//1962 
f 1413//1961 1068//1963 1064//1953 
f 1413//1961 1070//1960 1069//1964 
f 1069//1964 1068//1963 1413//1961 
f 1064//1953 1415//1965 1413//1961 
f 1076//1966 1070//1960 1416//1967 
f 1417//1968 1077//1969 1075//1970 
f 1075//1970 1074//1971 1417//1968 
f 1074//1971 1076//1966 1417//1968 
f 1416//1967 1417//1968 1076//1966 
f 1417//1968 1418//1972 1077//1969 
f 1084//1973 1419//1974 1420//1975 
f 1421//1976 1082//1977 1080//1978 
f 1421//1976 1083//1979 1082//1977 
f 1419//1974 1084//1973 1083//1979 
f 1083//1979 1421//1976 1419//1974 
f 1080//1978 1077//1969 1421//1976 
f 1090//1980 1422//1981 1423//1982 
f 1422//1981 1088//1983 1084//1973 
f 1422//1981 1090//1980 1089//1984 
f 1089//1984 1088//1983 1422//1981 
f 1084//1973 1424//1985 1422//1981 
f 1094//1986 1090//1980 1425//1987 
f 1426//1988 1096//1989 1095//1990 
f 1095//1990 1094//1986 1426//1988 
f 1425//1987 1426//1988 1094//1986 
f 1101//1991 1427//1992 1428//1993 
f 1427//1992 1099//1994 1096//1989 
f 1427//1992 1101//1991 1100//1995 
f 1100//1995 1099//1994 1427//1992 
f 1096//1989 1429//1996 1427//1992 
f 1107//1997 1430//1998 1431//1999 
f 1430//1998 1105//2000 1101//1991 
f 1430//1998 1107//1997 1106//2001 
f 1106//2001 1105//2000 1430//1998 
f 1101//1991 1432//2002 1430//1998 
f 1113//2003 1433//2004 1434//2005 
f 1433//2004 1111//2006 1107//1997 
f 1433//2004 1113//2003 1112//2007 
f 1112//2007 1111//2006 1433//2004 
f 1107//1997 1435//2008 1433//2004 
f 1119//2009 1436//2010 1437//2011 
f 1436//2010 1117//2012 1113//2003 
f 1436//2010 1119//2009 1118//2013 
f 1118//2013 1117//2012 1436//2010 
f 1113//2003 1438//2014 1436//2010 
f 1125//2015 1439//2016 1440//2017 
f 1123//2018 1119//2009 1441//2019 
f 1439//2016 1125//2015 1124//2020 
f 1124//2020 1123//2018 1439//2016 
f 1441//2019 1439//2016 1123//2018 
f 1442//2021 1133//2021 1128//2022 
f 1128//2022 1443//2023 1442//2021 
f 1134//2024 1444//2025 1445//2026 
f 1444//2025 1131//2027 1133//2021 
f 1444//2025 1134//2024 1132//2028 
f 1132//2028 1131//2027 1444//2025 
f 1133//2021 1442//2021 1444//2025 
f 1140//2029 1446//2030 1447//2031 
f 1446//2030 1138//2032 1134//2024 
f 1446//2030 1140//2029 1139//2033 
f 1139//2033 1138//2032 1446//2030 
f 1134//2024 1448//2034 1446//2030 
f 1146//2035 1449//2036 1450//2037 
f 1449//2036 1144//2038 1140//2029 
f 1449//2036 1146//2035 1145//2039 
f 1145//2039 1144//2038 1449//2036 
f 1140//2029 1451//2040 1449//2036 
f 1152//2041 1452//2042 1453//2043 
f 1150//2044 1146//2035 1454//2045 
f 1452//2042 1152//2041 1151//2046 
f 1151//2046 1150//2044 1452//2042 
f 1454//2045 1452//2042 1150//2044 
f 1159//2047 1455//2048 1456//2049 
f 1158//2050 1152//2041 1457//2051 
f 1455//2048 1159//2047 1157//2052 
f 1157//2052 1156//2053 1455//2048 
f 1156//2053 1158//2050 1455//2048 
f 1457//2051 1455//2048 1158//2050 
f 1165//2054 1458//2055 1459//2056 
f 1458//2055 1163//2057 1159//2047 
f 1458//2055 1165//2054 1164//2058 
f 1164//2058 1163//2057 1458//2055 
f 1159//2047 1460//2059 1458//2055 
f 1171//2060 1461//2061 1462//2062 
f 1461//2061 1169//2063 1165//2054 
f 1461//2061 1170//2064 1169//2063 
f 1461//2061 1171//2060 1170//2064 
f 1165//2054 1463//2065 1461//2061 
f 1177//2066 1464//2067 1465//2068 
f 1175//2069 1171//2060 1466//2070 
f 1464//2067 1177//2066 1176//2071 
f 1176//2071 1175//2069 1464//2067 
f 1466//2070 1464//2067 1175//2069 
f 1183//2072 1467//2073 1468//2074 
f 1181//2075 1177//2066 1469//2076 
f 1467//2073 1183//2072 1182//2077 
f 1182//2077 1181//2075 1467//2073 
f 1469//2076 1467//2073 1181//2075 
f 1189//2078 1470//2079 1471//2080 
f 1187//2081 1183//2072 1472//2082 
f 1470//2079 1189//2078 1188//2083 
f 1188//2083 1187//2081 1470//2079 
f 1472//2082 1470//2079 1187//2081 
f 1473//2084 1194//2085 1192//2086 
f 1201//2087 1474//2088 1475//2089 
f 1474//2088 1201//2087 1194//2085 
f 1194//2085 1473//2084 1474//2088 
f 1475//2089 1476//2090 1201//2087 
f 1476//2090 1202//2091 1197//2092 
f 1204//2093 1477//2094 1478//2095 
f 1477//2094 1204//2093 1202//2091 
f 1202//2091 1476//2090 1477//2094 
f 1478//2095 1479//2096 1204//2093 
f 1479//2096 1209//2097 1205//2098 
f 1211//2099 1480//2100 1481//2101 
f 1211//2099 1482//2102 1480//2100 
f 1482//2102 1211//2099 1209//2097 
f 1209//2097 1479//2096 1482//2102 
f 1481//2101 1483//2103 1211//2099 
f 1483//2103 1216//2104 1212//2105 
f 1218//2106 1484//2107 1485//2108 
f 1218//2106 1486//2109 1484//2107 
f 1486//2109 1218//2106 1216//2104 
f 1216//2104 1483//2103 1486//2109 
f 1485//2108 1487//2110 1218//2106 
f 1487//2110 1222//2111 1219//2112 
f 1488//2113 1223//2114 1222//2111 
f 1222//2111 1487//2110 1488//2113 
f 1488//2113 1489//2115 1223//2114 
f 1489//2115 1490//2114 1223//2114 
f 1491//2116 1227//2117 1223//2114 
f 1223//2114 1490//2114 1491//2116 
f 1491//2116 1492//2118 1227//2117 
f 1492//2118 1493//2119 1227//2117 
f 1494//2120 1229//2120 1227//2117 
f 1233//2121 1229//2120 1494//2120 
f 1494//2120 1495//2122 1233//2121 
f 1495//2122 1496//2123 1233//2121 
f 1496//2123 1497//2124 1233//2121 
f 1498//2125 1235//2126 1233//2121 
f 1498//2125 1236//2125 1235//2126 
f 1239//2127 1236//2125 1498//2125 
f 1498//2125 1499//2128 1239//2127 
f 1499//2128 1500//2129 1239//2127 
f 1501//2130 1241//2131 1239//2127 
f 1501//2130 1242//2130 1241//2131 
f 1246//2132 1242//2130 1501//2130 
f 1501//2130 1502//2133 1246//2132 
f 1502//2133 1503//2134 1246//2132 
f 1503//2134 1504//2135 1246//2132 
f 1505//2136 1248//2137 1246//2132 
f 1505//2136 1249//2136 1248//2137 
f 1505//2136 1255//2138 1253//2139 
f 1506//2140 1256//2141 1255//2138 
f 1255//2138 1505//2136 1506//2140 
f 1506//2140 1507//2142 1256//2141 
f 1507//2142 1508//2143 1256//2141 
f 1508//2143 1509//2144 1256//2141 
f 1509//2144 1261//2145 1259//2146 
f 1510//2147 1262//2148 1261//2145 
f 1261//2145 1509//2144 1510//2147 
f 1510//2147 1511//2149 1262//2148 
f 1511//2149 1512//2148 1262//2148 
f 1512//2148 1268//2150 1266//2151 
f 1513//2152 1269//2153 1268//2150 
f 1268//2150 1512//2148 1513//2152 
f 1513//2152 1514//2154 1269//2153 
f 1514//2154 1515//2155 1269//2153 
f 1515//2155 1516//2156 1269//2153 
f 1517//2157 1272//2158 1269//2153 
f 1269//2153 1516//2156 1517//2157 
f 1517//2157 1518//2159 1272//2158 
f 1519//2160 1274//2160 1272//2158 
f 1519//2160 1280//2161 1278//2162 
f 1520//2163 1284//2164 1280//2161 
f 1280//2161 1519//2160 1520//2163 
f 1520//2163 1521//2165 1284//2164 
f 1521//2165 1522//2166 1284//2164 
f 1522//2166 1523//2167 1284//2164 
f 1282//2168 1284//2164 1523//2167 
f 1523//2167 1524//2169 1282//2168 
f 1524//2169 1525//2170 1282//2168 
f 1525//2170 1526//2171 1282//2168 
f 1527//2172 1288//2172 1283//2173 
f 1283//2173 1282//2168 1527//2172 
f 1527//2172 1293//2174 1291//2175 
f 1528//2176 1294//2177 1293//2174 
f 1293//2174 1527//2172 1528//2176 
f 1528//2176 1529//2178 1294//2177 
f 1529//2178 1530//2177 1294//2177 
f 1530//2177 1299//2179 1297//2180 
f 1531//2181 1300//2182 1299//2179 
f 1299//2179 1530//2177 1531//2181 
f 1531//2181 1532//2183 1300//2182 
f 1532//2183 1533//2182 1300//2182 
f 1534//2184 1304//2185 1300//2182 
f 1300//2182 1533//2182 1534//2184 
f 1534//2184 1535//2186 1304//2185 
f 1535//2186 1536//2187 1304//2185 
f 1537//2188 1306//2188 1304//2185 
f 1537//2188 1311//2189 1309//2190 
f 1538//2191 1312//2192 1311//2189 
f 1311//2189 1537//2188 1538//2191 
f 1538//2191 1539//2193 1312//2192 
f 1539//2193 1540//2192 1312//2192 
f 1540//2192 1317//2194 1315//2195 
f 1541//2196 1318//2197 1317//2194 
f 1317//2194 1540//2192 1541//2196 
f 1541//2196 1542//2198 1318//2197 
f 1542//2198 1543//2197 1318//2197 
f 1543//2197 1323//2199 1321//2200 
f 1544//2201 1324//2202 1323//2199 
f 1323//2199 1543//2197 1544//2201 
f 1544//2201 1545//2203 1324//2202 
f 1545//2203 1546//2202 1324//2202 
f 1546//2202 1329//2204 1327//2205 
f 1547//2206 1330//2207 1329//2204 
f 1329//2204 1546//2202 1547//2206 
f 1547//2206 1548//2208 1330//2207 
f 1548//2208 1549//2207 1330//2207 
f 1549//2207 1335//2209 1333//2210 
f 1550//2211 1336//2212 1335//2209 
f 1335//2209 1549//2207 1550//2211 
f 1550//2211 1551//2213 1336//2212 
f 1551//2213 1552//2212 1336//2212 
f 1552//2212 1341//2214 1339//2215 
f 1553//2216 1343//2217 1341//2214 
f 1341//2214 1552//2212 1553//2216 
f 1553//2216 1554//2218 1343//2217 
f 1554//2218 1555//2217 1343//2217 
f 921//2219 1556//2220 1557//2221 
f 1556//2220 921//2219 1344//2222 
f 1344//2222 1555//2217 1556//2220 
f 1344//2222 1343//2217 1555//2217 
f 1557//2221 922//2223 921//2219 
f 1339//2215 1336//2212 1552//2212 
f 1333//2210 1330//2207 1549//2207 
f 1327//2205 1324//2202 1546//2202 
f 1321//2200 1318//2197 1543//2197 
f 1315//2195 1312//2192 1540//2192 
f 1309//2190 1306//2188 1537//2188 
f 1536//2187 1537//2188 1304//2185 
f 1297//2180 1294//2177 1530//2177 
f 1291//2175 1288//2172 1527//2172 
f 1526//2171 1527//2172 1282//2168 
f 1278//2162 1274//2160 1519//2160 
f 1518//2159 1519//2160 1272//2158 
f 1266//2151 1262//2148 1512//2148 
f 1259//2146 1256//2141 1509//2144 
f 1253//2139 1249//2136 1505//2136 
f 1504//2135 1505//2136 1246//2132 
f 1500//2129 1501//2130 1239//2127 
f 1497//2124 1498//2125 1233//2121 
f 1493//2119 1494//2120 1227//2117 
f 1219//2112 1218//2106 1487//2110 
f 1212//2105 1211//2099 1483//2103 
f 1205//2098 1204//2093 1479//2096 
f 1197//2092 1201//2087 1476//2090 
f 1192//2086 1189//2078 1473//2084 
f 1471//2080 1473//2084 1189//2078 
f 1468//2074 1472//2082 1183//2072 
f 1465//2068 1469//2076 1177//2066 
f 1462//2062 1466//2070 1171//2060 
f 1459//2056 1463//2065 1165//2054 
f 1456//2049 1460//2059 1159//2047 
f 1453//2043 1457//2051 1152//2041 
f 1450//2037 1454//2045 1146//2035 
f 1447//2031 1451//2040 1140//2029 
f 1445//2026 1448//2034 1134//2024 
f 1128//2022 1125//2015 1443//2023 
f 1440//2017 1443//2023 1125//2015 
f 1437//2011 1441//2019 1119//2009 
f 1434//2005 1438//2014 1113//2003 
f 1431//1999 1435//2008 1107//1997 
f 1428//1993 1432//2002 1101//1991 
f 1426//1988 1429//1996 1096//1989 
f 1423//1982 1425//1987 1090//1980 
f 1420//1975 1424//1985 1084//1973 
f 1418//1972 1421//1976 1077//1969 
f 1414//1962 1416//1967 1070//1960 
f 1411//1955 1415//1965 1064//1953 
f 1408//1948 1412//1957 1057//1946 
f 1405//1941 1409//1950 1050//1939 
f 1402//1935 1406//1943 1043//1933 
f 1399//1928 1403//1938 1037//1926 
f 1396//1922 1400//1930 1030//1920 
f 1393//1915 1397//1925 1024//1913 
f 1389//1907 1394//1917 1016//1905 
f 1386//1901 1391//1910 1009//1899 
f 1383//1895 1387//1904 1003//1893 
f 1380//1888 1384//1898 997//1886 
f 1377//1882 1381//1890 990//1880 
f 1374//1876 1378//1885 984//1874 
f 1371//1869 1375//1879 978//1867 
f 1369//1866 1372//1871 971//1864 
f 1365//1856 1368//1865 965//1854 
f 1362//1849 1366//1860 958//1847 
f 1359//1843 1363//1851 951//1841 
f 1356//1837 1360//1845 945//1835 
f 1352//1829 1357//1839 938//1827 
f 1350//1824 1354//1834 931//1822 
f 1348//1820 1558//2224 1346//1818 
o mesh27
f 919//2225 1342//2226 1345//2227 
f 1342//2226 1559//2226 1560//2228 
f 1342//2226 919//2225 1561//2227 
f 1561//2227 1559//2226 1342//2226 
f 1560//2228 1340//2228 1342//2226 
f 1334//2229 1562//2230 1563//2231 
f 1338//2231 1560//2228 1562//2230 
f 1562//2230 1334//2229 1338//2231 
f 1338//2231 1337//2230 1560//2228 
f 1337//2230 1340//2228 1560//2228 
f 1328//2232 1564//2233 1565//2234 
f 1332//2234 1566//2235 1564//2233 
f 1564//2233 1328//2232 1332//2234 
f 1332//2234 1331//2236 1566//2235 
f 1565//2234 1567//2237 1328//2232 
f 1322//2238 1568//2239 1569//2240 
f 1326//2240 1567//2237 1568//2239 
f 1568//2239 1322//2238 1326//2240 
f 1326//2240 1325//2239 1567//2237 
f 1569//2240 1570//2241 1322//2238 
f 1316//2242 1571//2243 1572//2244 
f 1320//2244 1570//2241 1571//2243 
f 1571//2243 1316//2242 1320//2244 
f 1320//2244 1319//2243 1570//2241 
f 1319//2243 1322//2238 1570//2241 
f 1310//2245 1573//2246 1574//2247 
f 1314//2248 1575//2249 1573//2246 
f 1573//2246 1310//2245 1314//2248 
f 1314//2248 1313//2250 1575//2249 
f 1313//2250 1316//2242 1575//2249 
f 1305//2251 1576//2252 1577//2253 
f 1308//2253 1578//2254 1576//2252 
f 1576//2252 1305//2251 1308//2253 
f 1308//2253 1307//2255 1578//2254 
f 1307//2255 1310//2245 1578//2254 
f 1298//2256 1579//2257 1580//2258 
f 1580//2258 1581//2259 1298//2256 
f 1303//2260 1582//2261 1579//2257 
f 1579//2257 1298//2256 1303//2260 
f 1303//2260 1302//2262 1582//2261 
f 1302//2262 1301//2263 1582//2261 
f 1301//2263 1305//2251 1582//2261 
f 1292//2264 1583//2265 1584//2266 
f 1296//2266 1585//2267 1583//2265 
f 1583//2265 1292//2264 1296//2266 
f 1296//2266 1295//2268 1585//2267 
f 1295//2268 1298//2256 1585//2267 
f 1281//2269 1586//2270 1587//2271 
f 1290//2271 1588//2272 1586//2270 
f 1586//2270 1281//2269 1290//2271 
f 1290//2271 1289//2273 1588//2272 
f 1289//2273 1292//2264 1588//2272 
f 1279//2274 1589//2275 1590//2276 
f 1590//2276 1591//2277 1279//2274 
f 1287//2277 1592//2278 1589//2275 
f 1589//2275 1279//2274 1287//2277 
f 1287//2277 1286//2279 1592//2278 
f 1286//2279 1285//2280 1592//2278 
f 1285//2280 1281//2269 1592//2278 
f 1273//2281 1593//2282 1594//2283 
f 1594//2283 1595//2284 1273//2281 
f 1277//2284 1596//2285 1593//2282 
f 1593//2282 1273//2281 1277//2284 
f 1277//2284 1276//2286 1596//2285 
f 1276//2286 1275//2287 1596//2285 
f 1275//2287 1279//2274 1596//2285 
f 1267//2288 1597//2289 1598//2290 
f 1271//2290 1599//2291 1597//2289 
f 1597//2289 1267//2288 1271//2290 
f 1271//2290 1270//2292 1599//2291 
f 1598//2290 1600//2293 1267//2288 
f 1260//2294 1601//2295 1602//2296 
f 1260//2294 1603//2297 1601//2295 
f 1264//2296 1600//2293 1603//2297 
f 1603//2297 1260//2294 1264//2296 
f 1264//2296 1263//2298 1600//2293 
f 1263//2298 1265//2297 1600//2293 
f 1602//2296 1604//2299 1260//2294 
f 1254//2300 1605//2301 1606//2302 
f 1258//2302 1604//2299 1605//2301 
f 1605//2301 1254//2300 1258//2302 
f 1258//2302 1257//2301 1604//2299 
f 1606//2302 1607//2303 1254//2300 
f 1247//2304 1608//2305 1609//2306 
f 1247//2304 1610//2307 1608//2305 
f 1251//2308 1607//2303 1610//2307 
f 1610//2307 1247//2304 1251//2308 
f 1251//2308 1250//2309 1607//2303 
f 1250//2309 1252//2310 1607//2303 
f 1252//2310 1254//2300 1607//2303 
f 1240//2311 1611//2312 1612//2313 
f 1240//2311 1613//2314 1611//2312 
f 1244//2313 1614//2315 1613//2314 
f 1613//2314 1240//2311 1244//2313 
f 1244//2313 1243//2316 1614//2315 
f 1243//2316 1245//2317 1614//2315 
f 1612//2313 1615//2318 1240//2311 
f 1234//2319 1616//2320 1617//2321 
f 1238//2321 1615//2318 1616//2320 
f 1616//2320 1234//2319 1238//2321 
f 1238//2321 1237//2320 1615//2318 
f 1617//2321 1618//2322 1234//2319 
f 1228//2323 1619//2324 1620//2325 
f 1228//2323 1621//2326 1619//2324 
f 1231//2325 1618//2322 1621//2326 
f 1621//2326 1228//2323 1231//2325 
f 1231//2325 1230//2327 1618//2322 
f 1230//2327 1232//2326 1618//2322 
f 1620//2325 1622//2328 1228//2323 
f 1221//2329 1623//2330 1624//2331 
f 1221//2329 1625//2332 1623//2330 
f 1225//2331 1622//2328 1625//2332 
f 1625//2332 1221//2329 1225//2331 
f 1225//2331 1224//2333 1622//2328 
f 1224//2333 1226//2332 1622//2328 
f 1624//2331 1626//2334 1221//2329 
f 1627//2335 1628//2336 1213//2336 
f 1213//2336 1217//2335 1627//2335 
f 1220//2337 1629//2337 1627//2335 
f 1220//2337 1626//2334 1629//2337 
f 1217//2335 1220//2337 1627//2335 
f 1628//2336 1215//2338 1214//2339 
f 1628//2336 1210//2340 1215//2338 
f 1210//2340 1630//2340 1631//2341 
f 1210//2340 1628//2336 1632//2342 
f 1632//2342 1633//2343 1210//2340 
f 1633//2343 1630//2340 1210//2340 
f 1631//2341 1206//2344 1210//2340 
f 1631//2341 1208//2345 1207//2346 
f 1631//2341 1203//2347 1208//2345 
f 1634//2347 1635//2348 1199//2348 
f 1203//2347 1631//2341 1636//2349 
f 1636//2349 1637//2350 1203//2347 
f 1637//2350 1634//2347 1203//2347 
f 1199//2348 1203//2347 1634//2347 
f 1638//2351 1198//2351 1200//2352 
f 1638//2351 1639//2353 1195//2353 
f 1195//2353 1198//2351 1638//2351 
f 1199//2348 1635//2348 1640//2352 
f 1640//2352 1638//2351 1199//2348 
f 1641//2354 1193//2354 1196//2355 
f 1641//2354 1642//2356 1190//2356 
f 1190//2356 1193//2354 1641//2354 
f 1195//2353 1639//2353 1643//2355 
f 1643//2355 1641//2354 1195//2353 
f 1644//2357 1186//2357 1191//2358 
f 1644//2357 1645//2359 1184//2359 
f 1184//2359 1186//2357 1644//2357 
f 1190//2356 1642//2356 1646//2358 
f 1646//2358 1644//2357 1190//2356 
f 1647//2360 1180//2360 1185//2361 
f 1647//2360 1648//2362 1178//2362 
f 1178//2362 1180//2360 1647//2360 
f 1184//2359 1645//2359 1649//2361 
f 1649//2361 1647//2360 1184//2359 
f 1650//2363 1174//2363 1179//2364 
f 1650//2363 1651//2365 1172//2365 
f 1172//2365 1174//2363 1650//2363 
f 1178//2362 1648//2362 1652//2364 
f 1652//2364 1650//2363 1178//2362 
f 1653//2366 1168//2366 1173//2367 
f 1653//2366 1654//2368 1166//2368 
f 1166//2368 1168//2366 1653//2366 
f 1172//2365 1651//2365 1655//2367 
f 1655//2367 1653//2366 1172//2365 
f 1656//2369 1162//2369 1167//2370 
f 1656//2369 1657//2371 1160//2371 
f 1160//2371 1162//2369 1656//2369 
f 1166//2368 1654//2368 1658//2370 
f 1658//2370 1656//2369 1166//2368 
f 1657//2371 1155//2372 1161//2373 
f 1659//2372 1660//2374 1153//2374 
f 1155//2372 1657//2371 1661//2373 
f 1661//2373 1659//2372 1155//2372 
f 1153//2374 1155//2372 1659//2372 
f 1662//2375 1149//2375 1154//2376 
f 1662//2375 1663//2377 1147//2377 
f 1147//2377 1149//2375 1662//2375 
f 1153//2374 1660//2374 1664//2376 
f 1664//2376 1662//2375 1153//2374 
f 1665//2378 1143//2378 1148//2379 
f 1665//2378 1666//2380 1141//2380 
f 1141//2380 1143//2378 1665//2378 
f 1147//2377 1663//2377 1667//2379 
f 1667//2379 1665//2378 1147//2377 
f 1668//2381 1137//2381 1142//2382 
f 1668//2381 1669//2383 1135//2383 
f 1135//2383 1137//2381 1668//2381 
f 1141//2380 1666//2380 1670//2382 
f 1670//2382 1668//2381 1141//2380 
f 1669//2383 1130//2384 1136//2385 
f 1671//2384 1672//2386 1129//2386 
f 1130//2384 1669//2383 1673//2385 
f 1673//2385 1671//2384 1130//2384 
f 1129//2386 1130//2384 1671//2384 
f 1672//2386 1674//2387 1126//2387 
f 1674//2387 1122//2388 1127//2389 
f 1122//2388 1675//2388 1676//2390 
f 1122//2388 1674//2387 1677//2389 
f 1677//2389 1675//2388 1122//2388 
f 1676//2390 1120//2390 1122//2388 
f 1678//2391 1116//2391 1121//2392 
f 1678//2391 1679//2393 1114//2393 
f 1114//2393 1116//2391 1678//2391 
f 1120//2390 1676//2390 1680//2392 
f 1680//2392 1678//2391 1120//2390 
f 1679//2393 1110//2394 1115//2395 
f 1110//2394 1681//2394 1682//2396 
f 1110//2394 1679//2393 1683//2395 
f 1683//2395 1681//2394 1110//2394 
f 1682//2396 1108//2396 1110//2394 
f 1682//2396 1104//2397 1109//2398 
f 1684//2397 1685//2399 1102//2399 
f 1104//2397 1682//2396 1686//2398 
f 1686//2398 1684//2397 1104//2397 
f 1102//2399 1104//2397 1684//2397 
f 1685//2399 1098//2400 1103//2401 
f 1098//2400 1687//2400 1688//2402 
f 1098//2400 1685//2399 1689//2401 
f 1689//2401 1687//2400 1098//2400 
f 1688//2402 1097//2402 1098//2400 
f 1690//2403 1691//2404 1091//2404 
f 1091//2404 1093//2403 1690//2403 
f 1097//2402 1688//2402 1690//2403 
f 1692//2405 1087//2405 1092//2406 
f 1692//2405 1693//2407 1085//2407 
f 1085//2407 1087//2405 1692//2405 
f 1091//2404 1691//2404 1694//2406 
f 1694//2406 1692//2405 1091//2404 
f 1695//2408 1081//2408 1086//2409 
f 1081//2408 1695//2408 1696//2410 
f 1696//2410 1079//2410 1081//2408 
f 1085//2407 1693//2407 1697//2409 
f 1697//2409 1695//2408 1085//2407 
f 1698//2411 1699//2412 1071//2412 
f 1071//2412 1073//2411 1698//2411 
f 1078//2413 1700//2413 1698//2411 
f 1073//2411 1078//2413 1698//2411 
f 1079//2410 1696//2410 1700//2413 
f 1701//2414 1067//2414 1072//2415 
f 1701//2414 1702//2416 1065//2416 
f 1065//2416 1067//2414 1701//2414 
f 1071//2412 1699//2412 1703//2415 
f 1703//2415 1701//2414 1071//2412 
f 1704//2417 1060//2417 1066//2418 
f 1704//2417 1705//2419 1058//2419 
f 1058//2419 1060//2417 1704//2417 
f 1065//2416 1702//2416 1706//2418 
f 1706//2418 1704//2417 1065//2416 
f 1705//2419 1053//2420 1059//2421 
f 1053//2420 1707//2420 1708//2422 
f 1053//2420 1705//2419 1709//2421 
f 1709//2421 1707//2420 1053//2420 
f 1708//2422 1051//2422 1053//2420 
f 1710//2423 1046//2423 1052//2424 
f 1710//2423 1711//2425 1044//2425 
f 1044//2425 1046//2423 1710//2423 
f 1051//2422 1708//2422 1712//2424 
f 1712//2424 1710//2423 1051//2422 
f 1711//2425 1040//2426 1045//2427 
f 1040//2426 1713//2426 1714//2428 
f 1040//2426 1711//2425 1715//2427 
f 1715//2427 1713//2426 1040//2426 
f 1714//2428 1038//2428 1040//2426 
f 1716//2429 1033//2429 1039//2430 
f 1716//2429 1717//2431 1031//2431 
f 1031//2431 1033//2429 1716//2429 
f 1038//2428 1714//2428 1718//2430 
f 1718//2430 1716//2429 1038//2428 
f 1719//2432 1027//2432 1032//2433 
f 1719//2432 1720//2434 1025//2434 
f 1025//2434 1027//2432 1719//2432 
f 1031//2431 1717//2431 1721//2433 
f 1721//2433 1719//2432 1031//2431 
f 1722//2435 1020//2435 1026//2436 
f 1020//2435 1722//2435 1723//2437 
f 1723//2437 1017//2437 1020//2435 
f 1025//2434 1720//2434 1724//2436 
f 1724//2436 1722//2435 1025//2434 
f 1723//2437 1019//2438 1018//2439 
f 1723//2437 1012//2440 1019//2438 
f 1012//2440 1725//2440 1726//2441 
f 1012//2440 1723//2437 1727//2442 
f 1727//2442 1728//2443 1012//2440 
f 1728//2443 1725//2440 1012//2440 
f 1726//2441 1010//2444 1012//2440 
f 1729//2445 1006//2445 1011//2446 
f 1006//2445 1729//2445 1730//2447 
f 1730//2447 1004//2447 1006//2445 
f 1010//2444 1726//2441 1731//2446 
f 1731//2446 1729//2445 1010//2444 
f 1732//2448 1000//2448 1005//2449 
f 1732//2448 1733//2450 998//2450 
f 998//2450 1000//2448 1732//2448 
f 1004//2447 1730//2447 1734//2449 
f 1734//2449 1732//2448 1004//2447 
f 1735//2451 993//2451 999//2452 
f 993//2451 1735//2451 1736//2453 
f 1736//2453 991//2453 993//2451 
f 998//2450 1733//2450 1737//2452 
f 1737//2452 1735//2451 998//2450 
f 1736//2453 987//2454 992//2455 
f 987//2454 1738//2454 1739//2456 
f 987//2454 1736//2453 1740//2455 
f 1740//2455 1738//2454 987//2454 
f 1739//2456 985//2456 987//2454 
f 1739//2456 981//2457 986//2458 
f 981//2457 1741//2457 1742//2459 
f 981//2457 1739//2456 1743//2458 
f 1743//2458 1741//2457 981//2457 
f 1742//2459 979//2459 981//2457 
f 1744//2460 974//2460 980//2461 
f 1744//2460 1745//2462 973//2462 
f 973//2462 974//2460 1744//2460 
f 979//2459 1742//2459 1746//2461 
f 1746//2461 1744//2460 979//2459 
f 1747//2463 1748//2464 966//2464 
f 966//2464 968//2463 1747//2463 
f 972//2465 1749//2465 1747//2463 
f 972//2465 1745//2462 1749//2465 
f 968//2463 972//2465 1747//2463 
f 1750//2466 961//2466 967//2467 
f 1750//2466 1751//2468 959//2468 
f 959//2468 961//2466 1750//2466 
f 966//2464 1748//2464 1752//2467 
f 1752//2467 1750//2466 966//2464 
f 1751//2468 954//2469 960//2470 
f 954//2469 1753//2469 1754//2471 
f 954//2469 1751//2468 1755//2470 
f 1755//2470 1753//2469 954//2469 
f 1754//2471 952//2471 954//2469 
f 1756//2472 948//2472 953//2473 
f 1756//2472 1757//2474 946//2474 
f 946//2474 948//2472 1756//2472 
f 952//2471 1754//2471 1758//2473 
f 1758//2473 1756//2472 952//2471 
f 1759//2475 942//2475 947//2476 
f 942//2475 1759//2475 1760//2477 
f 1760//2477 939//2477 942//2475 
f 946//2474 1757//2474 1761//2478 
f 1761//2478 1759//2475 946//2474 
f 1760//2477 941//2479 940//2480 
f 1760//2477 934//2481 941//2479 
f 934//2481 1762//2481 1763//2482 
f 934//2481 1760//2477 1764//2483 
f 1764//2483 1765//2484 934//2481 
f 1765//2484 1762//2481 934//2481 
f 1763//2482 932//2485 934//2481 
f 1766//2486 927//2486 933//2487 
f 927//2486 1766//2486 1767//2488 
f 1767//2488 924//2488 927//2486 
f 932//2485 1763//2482 1768//2487 
f 1768//2487 1766//2486 932//2485 
f 1767//2488 1769//2489 1770//2489 
f 1770//2489 924//2488 1767//2488 
f 1770//2489 925//2489 924//2488 
f 933//2487 932//2485 1766//2486 
f 940//2480 939//2477 1760//2477 
f 947//2476 946//2474 1759//2475 
f 953//2473 952//2471 1756//2472 
f 960//2470 959//2468 1751//2468 
f 967//2467 966//2464 1750//2466 
f 972//2465 973//2462 1745//2462 
f 980//2461 979//2459 1744//2460 
f 986//2458 985//2456 1739//2456 
f 992//2455 991//2453 1736//2453 
f 999//2452 998//2450 1735//2451 
f 1005//2449 1004//2447 1732//2448 
f 1011//2446 1010//2444 1729//2445 
f 1018//2439 1017//2437 1723//2437 
f 1026//2436 1025//2434 1722//2435 
f 1032//2433 1031//2431 1719//2432 
f 1039//2430 1038//2428 1716//2429 
f 1045//2427 1044//2425 1711//2425 
f 1052//2424 1051//2422 1710//2423 
f 1059//2421 1058//2419 1705//2419 
f 1066//2418 1065//2416 1704//2417 
f 1072//2415 1071//2412 1701//2414 
f 1078//2413 1079//2410 1700//2413 
f 1086//2409 1085//2407 1695//2408 
f 1092//2406 1091//2404 1692//2405 
f 1093//2403 1097//2402 1690//2403 
f 1103//2401 1102//2399 1685//2399 
f 1109//2398 1108//2396 1682//2396 
f 1115//2395 1114//2393 1679//2393 
f 1121//2392 1120//2390 1678//2391 
f 1127//2389 1126//2387 1674//2387 
f 1126//2387 1129//2386 1672//2386 
f 1136//2385 1135//2383 1669//2383 
f 1142//2382 1141//2380 1668//2381 
f 1148//2379 1147//2377 1665//2378 
f 1154//2376 1153//2374 1662//2375 
f 1161//2373 1160//2371 1657//2371 
f 1167//2370 1166//2368 1656//2369 
f 1173//2367 1172//2365 1653//2366 
f 1179//2364 1178//2362 1650//2363 
f 1185//2361 1184//2359 1647//2360 
f 1191//2358 1190//2356 1644//2357 
f 1196//2355 1195//2353 1641//2354 
f 1200//2352 1199//2348 1638//2351 
f 1207//2346 1206//2344 1631//2341 
f 1214//2339 1213//2336 1628//2336 
f 1220//2337 1221//2329 1626//2334 
f 1226//2332 1228//2323 1622//2328 
f 1232//2326 1234//2319 1618//2322 
f 1237//2320 1240//2311 1615//2318 
f 1245//2317 1247//2304 1614//2315 
f 1609//2306 1614//2315 1247//2304 
f 1257//2301 1260//2294 1604//2299 
f 1265//2297 1267//2288 1600//2293 
f 1270//2292 1273//2281 1599//2291 
f 1595//2284 1599//2291 1273//2281 
f 1591//2277 1596//2285 1279//2274 
f 1587//2271 1592//2278 1281//2269 
f 1584//2266 1588//2272 1292//2264 
f 1581//2259 1585//2267 1298//2256 
f 1577//2253 1582//2261 1305//2251 
f 1574//2247 1578//2254 1310//2245 
f 1572//2244 1575//2249 1316//2242 
f 1325//2239 1328//2232 1567//2237 
f 1331//2236 1334//2229 1566//2235 
f 1563//2231 1566//2235 1334//2229 
f 1345//2227 920//2490 919//2225 
o mesh28
f 925//2491 1771//2491 926//2491 
o mesh29
f 922//2492 1559//2493 1561//2494 
f 1559//2493 1556//2495 1555//2496 
f 1559//2493 922//2492 1557//2497 
f 1557//2497 1556//2495 1559//2493 
f 1555//2496 1560//2496 1559//2493 
f 1566//2498 1554//2499 1553//2500 
f 1563//2501 1555//2496 1554//2499 
f 1554//2499 1566//2498 1563//2501 
f 1563//2501 1562//2502 1555//2496 
f 1553//2500 1552//2503 1566//2498 
f 1567//2504 1551//2505 1550//2506 
f 1565//2507 1552//2503 1551//2505 
f 1551//2505 1567//2504 1565//2507 
f 1565//2507 1564//2508 1552//2503 
f 1550//2506 1549//2509 1567//2504 
f 1570//2510 1548//2511 1547//2512 
f 1569//2513 1549//2509 1548//2511 
f 1548//2511 1570//2510 1569//2513 
f 1569//2513 1568//2514 1549//2509 
f 1547//2512 1546//2515 1570//2510 
f 1575//2516 1545//2517 1544//2518 
f 1572//2519 1546//2515 1545//2517 
f 1545//2517 1575//2516 1572//2519 
f 1572//2519 1571//2520 1546//2515 
f 1571//2520 1570//2510 1546//2515 
f 1578//2521 1542//2522 1541//2523 
f 1574//2524 1543//2525 1542//2522 
f 1542//2522 1578//2521 1574//2524 
f 1574//2524 1573//2526 1543//2525 
f 1573//2526 1575//2516 1543//2525 
f 1582//2527 1539//2528 1538//2529 
f 1577//2530 1540//2531 1539//2528 
f 1539//2528 1582//2527 1577//2530 
f 1577//2530 1576//2532 1540//2531 
f 1576//2532 1578//2521 1540//2531 
f 1585//2533 1536//2534 1535//2535 
f 1535//2535 1534//2536 1585//2533 
f 1581//2537 1537//2538 1536//2534 
f 1536//2534 1585//2533 1581//2537 
f 1581//2537 1580//2539 1537//2538 
f 1580//2539 1579//2540 1537//2538 
f 1579//2540 1582//2527 1537//2538 
f 1588//2541 1532//2542 1531//2543 
f 1584//2544 1533//2545 1532//2542 
f 1532//2542 1588//2541 1584//2544 
f 1584//2544 1583//2546 1533//2545 
f 1583//2546 1585//2533 1533//2545 
f 1592//2547 1529//2548 1528//2549 
f 1587//2550 1530//2551 1529//2548 
f 1529//2548 1592//2547 1587//2550 
f 1587//2550 1586//2552 1530//2551 
f 1586//2552 1588//2541 1530//2551 
f 1596//2553 1526//2554 1525//2555 
f 1525//2555 1524//2556 1596//2553 
f 1591//2557 1527//2558 1526//2554 
f 1526//2554 1596//2553 1591//2557 
f 1591//2557 1590//2559 1527//2558 
f 1590//2559 1589//2560 1527//2558 
f 1589//2560 1592//2547 1527//2558 
f 1599//2561 1522//2562 1521//2563 
f 1521//2563 1520//2564 1599//2561 
f 1595//2565 1523//2566 1522//2562 
f 1522//2562 1599//2561 1595//2565 
f 1595//2565 1594//2567 1523//2566 
f 1594//2567 1593//2568 1523//2566 
f 1593//2568 1596//2553 1523//2566 
f 1600//2569 1518//2570 1517//2571 
f 1598//2572 1519//2573 1518//2570 
f 1518//2570 1600//2569 1598//2572 
f 1598//2572 1597//2574 1519//2573 
f 1517//2571 1516//2575 1600//2569 
f 1604//2576 1514//2577 1513//2578 
f 1604//2576 1515//2579 1514//2577 
f 1602//2580 1516//2575 1515//2579 
f 1515//2579 1604//2576 1602//2580 
f 1602//2580 1601//2581 1516//2575 
f 1601//2581 1603//2582 1516//2575 
f 1513//2578 1512//2583 1604//2576 
f 1607//2584 1511//2585 1510//2586 
f 1606//2587 1512//2583 1511//2585 
f 1511//2585 1607//2584 1606//2587 
f 1606//2587 1605//2588 1512//2583 
f 1510//2586 1509//2589 1607//2584 
f 1614//2590 1507//2591 1506//2592 
f 1614//2590 1508//2593 1507//2591 
f 1609//2594 1509//2589 1508//2593 
f 1508//2593 1614//2590 1609//2594 
f 1609//2594 1608//2595 1509//2589 
f 1608//2595 1610//2596 1509//2589 
f 1610//2596 1607//2584 1509//2589 
f 1615//2597 1503//2598 1502//2599 
f 1615//2597 1504//2600 1503//2598 
f 1612//2601 1505//2602 1504//2600 
f 1504//2600 1615//2597 1612//2601 
f 1612//2601 1611//2603 1505//2602 
f 1611//2603 1613//2604 1505//2602 
f 1502//2599 1501//2605 1615//2597 
f 1618//2606 1500//2607 1499//2608 
f 1617//2609 1501//2605 1500//2607 
f 1500//2607 1618//2606 1617//2609 
f 1617//2609 1616//2610 1501//2605 
f 1499//2608 1498//2611 1618//2606 
f 1622//2612 1496//2613 1495//2614 
f 1622//2612 1497//2615 1496//2613 
f 1620//2616 1498//2611 1497//2615 
f 1497//2615 1622//2612 1620//2616 
f 1620//2616 1619//2617 1498//2611 
f 1619//2617 1621//2618 1498//2611 
f 1495//2614 1494//2619 1622//2612 
f 1626//2620 1492//2621 1491//2622 
f 1626//2620 1493//2623 1492//2621 
f 1624//2624 1494//2619 1493//2623 
f 1493//2623 1626//2620 1624//2624 
f 1624//2624 1623//2625 1494//2619 
f 1623//2625 1625//2626 1494//2619 
f 1491//2622 1490//2627 1626//2620 
f 1627//2628 1488//2629 1487//2630 
f 1487//2630 1628//2630 1627//2628 
f 1629//2631 1489//2632 1488//2629 
f 1629//2631 1490//2627 1489//2632 
f 1627//2628 1629//2631 1488//2629 
f 1487//2630 1633//2633 1632//2634 
f 1487//2630 1630//2635 1633//2633 
f 1630//2635 1486//2636 1483//2637 
f 1630//2635 1487//2630 1485//2638 
f 1485//2638 1484//2639 1630//2635 
f 1484//2639 1486//2636 1630//2635 
f 1483//2637 1631//2640 1630//2635 
f 1483//2637 1637//2641 1636//2642 
f 1483//2637 1634//2643 1637//2641 
f 1634//2643 1482//2644 1479//2645 
f 1634//2643 1483//2637 1481//2646 
f 1481//2646 1480//2647 1634//2643 
f 1480//2647 1482//2644 1634//2643 
f 1479//2645 1635//2648 1634//2643 
f 1477//2649 1638//2650 1640//2651 
f 1638//2650 1477//2649 1476//2652 
f 1476//2652 1639//2652 1638//2650 
f 1635//2648 1479//2645 1478//2653 
f 1478//2653 1477//2649 1635//2648 
f 1474//2654 1641//2655 1643//2656 
f 1641//2655 1474//2654 1473//2657 
f 1473//2657 1642//2657 1641//2655 
f 1639//2652 1476//2652 1475//2658 
f 1475//2658 1474//2654 1639//2652 
f 1470//2659 1644//2660 1646//2661 
f 1644//2660 1470//2659 1472//2662 
f 1472//2662 1645//2662 1644//2660 
f 1642//2657 1473//2657 1471//2663 
f 1471//2663 1470//2659 1642//2657 
f 1467//2664 1647//2665 1649//2666 
f 1647//2665 1467//2664 1469//2667 
f 1469//2667 1648//2667 1647//2665 
f 1645//2662 1472//2662 1468//2668 
f 1468//2668 1467//2664 1645//2662 
f 1464//2669 1650//2670 1652//2671 
f 1650//2670 1464//2669 1466//2672 
f 1466//2672 1651//2672 1650//2670 
f 1648//2667 1469//2667 1465//2673 
f 1465//2673 1464//2669 1648//2667 
f 1461//2674 1653//2675 1655//2676 
f 1653//2675 1461//2674 1463//2677 
f 1463//2677 1654//2677 1653//2675 
f 1651//2672 1466//2672 1462//2678 
f 1462//2678 1461//2674 1651//2672 
f 1463//2677 1656//2679 1658//2680 
f 1656//2679 1458//2681 1460//2682 
f 1656//2679 1463//2677 1459//2683 
f 1459//2683 1458//2681 1656//2679 
f 1460//2682 1657//2682 1656//2679 
f 1460//2682 1659//2684 1661//2685 
f 1659//2684 1455//2686 1457//2687 
f 1659//2684 1460//2682 1456//2688 
f 1456//2688 1455//2686 1659//2684 
f 1457//2687 1660//2687 1659//2684 
f 1452//2689 1662//2690 1664//2691 
f 1662//2690 1452//2689 1454//2692 
f 1454//2692 1663//2692 1662//2690 
f 1660//2687 1457//2687 1453//2693 
f 1453//2693 1452//2689 1660//2687 
f 1454//2692 1665//2694 1667//2695 
f 1665//2694 1449//2696 1451//2697 
f 1665//2694 1454//2692 1450//2698 
f 1450//2698 1449//2696 1665//2694 
f 1451//2697 1666//2697 1665//2694 
f 1451//2697 1668//2699 1670//2700 
f 1668//2699 1446//2701 1448//2702 
f 1668//2699 1451//2697 1447//2703 
f 1447//2703 1446//2701 1668//2699 
f 1448//2702 1669//2702 1668//2699 
f 1448//2702 1671//2704 1673//2705 
f 1444//2706 1442//2707 1672//2707 
f 1671//2704 1448//2702 1445//2708 
f 1445//2708 1444//2706 1671//2704 
f 1672//2707 1671//2704 1444//2706 
f 1442//2707 1443//2709 1674//2709 
f 1443//2709 1675//2710 1677//2711 
f 1675//2710 1439//2712 1441//2713 
f 1675//2710 1443//2709 1440//2714 
f 1440//2714 1439//2712 1675//2710 
f 1441//2713 1676//2713 1675//2710 
f 1441//2713 1678//2715 1680//2716 
f 1678//2715 1436//2717 1438//2718 
f 1678//2715 1441//2713 1437//2719 
f 1437//2719 1436//2717 1678//2715 
f 1438//2718 1679//2718 1678//2715 
f 1438//2718 1681//2720 1683//2721 
f 1681//2720 1433//2722 1435//2723 
f 1681//2720 1438//2718 1434//2724 
f 1434//2724 1433//2722 1681//2720 
f 1435//2723 1682//2723 1681//2720 
f 1435//2723 1684//2725 1686//2726 
f 1684//2725 1430//2727 1432//2728 
f 1684//2725 1435//2723 1431//2729 
f 1431//2729 1430//2727 1684//2725 
f 1432//2728 1685//2728 1684//2725 
f 1432//2728 1687//2730 1689//2731 
f 1687//2730 1427//2732 1429//2733 
f 1687//2730 1432//2728 1428//2734 
f 1428//2734 1427//2732 1687//2730 
f 1429//2733 1688//2733 1687//2730 
f 1690//2735 1426//2736 1425//2737 
f 1425//2737 1691//2737 1690//2735 
f 1688//2733 1429//2733 1426//2736 
f 1422//2738 1692//2739 1694//2740 
f 1692//2739 1422//2738 1424//2741 
f 1424//2741 1693//2741 1692//2739 
f 1691//2737 1425//2737 1423//2742 
f 1423//2742 1422//2738 1691//2737 
f 1419//2743 1695//2744 1697//2745 
f 1695//2744 1419//2743 1421//2746 
f 1421//2746 1696//2746 1695//2744 
f 1693//2741 1424//2741 1420//2747 
f 1420//2747 1419//2743 1693//2741 
f 1698//2748 1417//2749 1416//2750 
f 1416//2750 1699//2750 1698//2748 
f 1700//2751 1418//2752 1417//2749 
f 1698//2748 1700//2751 1417//2749 
f 1696//2746 1421//2746 1418//2752 
f 1413//2753 1701//2754 1703//2755 
f 1701//2754 1413//2753 1415//2756 
f 1415//2756 1702//2756 1701//2754 
f 1699//2750 1416//2750 1414//2757 
f 1414//2757 1413//2753 1699//2750 
f 1410//2758 1704//2759 1706//2760 
f 1704//2759 1410//2758 1412//2761 
f 1412//2761 1705//2761 1704//2759 
f 1702//2756 1415//2756 1411//2762 
f 1411//2762 1410//2758 1702//2756 
f 1412//2761 1707//2763 1709//2764 
f 1707//2763 1407//2765 1409//2766 
f 1707//2763 1412//2761 1408//2767 
f 1408//2767 1407//2765 1707//2763 
f 1409//2766 1708//2766 1707//2763 
f 1404//2768 1710//2769 1712//2770 
f 1710//2769 1404//2768 1406//2771 
f 1406//2771 1711//2771 1710//2769 
f 1708//2766 1409//2766 1405//2772 
f 1405//2772 1404//2768 1708//2766 
f 1406//2771 1713//2773 1715//2774 
f 1713//2773 1401//2775 1403//2776 
f 1713//2773 1406//2771 1402//2777 
f 1402//2777 1401//2775 1713//2773 
f 1403//2776 1714//2776 1713//2773 
f 1398//2778 1716//2779 1718//2780 
f 1398//2778 1400//2781 1717//2781 
f 1717//2781 1716//2779 1398//2778 
f 1714//2776 1403//2776 1399//2782 
f 1399//2782 1398//2778 1714//2776 
f 1395//2783 1719//2784 1721//2785 
f 1395//2783 1397//2786 1720//2786 
f 1720//2786 1719//2784 1395//2783 
f 1717//2781 1400//2781 1396//2787 
f 1396//2787 1395//2783 1717//2781 
f 1392//2788 1722//2789 1724//2790 
f 1722//2789 1392//2788 1394//2791 
f 1394//2791 1723//2791 1722//2789 
f 1720//2786 1397//2786 1393//2792 
f 1393//2792 1392//2788 1720//2786 
f 1394//2791 1728//2793 1727//2794 
f 1394//2791 1725//2795 1728//2793 
f 1725//2795 1390//2795 1391//2796 
f 1725//2795 1394//2791 1389//2797 
f 1389//2797 1388//2798 1725//2795 
f 1388//2798 1390//2795 1725//2795 
f 1391//2796 1726//2799 1725//2795 
f 1385//2800 1729//2800 1731//2801 
f 1729//2800 1385//2800 1387//2802 
f 1387//2802 1730//2802 1729//2800 
f 1726//2799 1391//2796 1386//2801 
f 1386//2801 1385//2800 1726//2799 
f 1382//2803 1732//2803 1734//2804 
f 1382//2803 1384//2805 1733//2805 
f 1733//2805 1732//2803 1382//2803 
f 1730//2802 1387//2802 1383//2804 
f 1383//2804 1382//2803 1730//2802 
f 1379//2806 1735//2806 1737//2807 
f 1735//2806 1379//2806 1381//2808 
f 1381//2808 1736//2808 1735//2806 
f 1733//2805 1384//2805 1380//2807 
f 1380//2807 1379//2806 1733//2805 
f 1381//2808 1738//2809 1740//2810 
f 1738//2809 1376//2809 1378//2811 
f 1738//2809 1381//2808 1377//2810 
f 1377//2810 1376//2809 1738//2809 
f 1378//2811 1739//2811 1738//2809 
f 1378//2811 1741//2812 1743//2813 
f 1741//2812 1373//2812 1375//2814 
f 1741//2812 1378//2811 1374//2813 
f 1374//2813 1373//2812 1741//2812 
f 1375//2814 1742//2814 1741//2812 
f 1370//2815 1744//2815 1746//2816 
f 1370//2815 1372//2817 1745//2817 
f 1745//2817 1744//2815 1370//2815 
f 1742//2814 1375//2814 1371//2816 
f 1371//2816 1370//2815 1742//2814 
f 1367//2818 1368//2819 1748//2819 
f 1748//2819 1747//2818 1367//2818 
f 1749//2820 1369//2820 1367//2818 
f 1749//2820 1372//2817 1369//2820 
f 1747//2818 1749//2820 1367//2818 
f 1364//2821 1750//2821 1752//2822 
f 1364//2821 1366//2823 1751//2823 
f 1751//2823 1750//2821 1364//2821 
f 1748//2819 1368//2819 1365//2822 
f 1365//2822 1364//2821 1748//2819 
f 1366//2823 1753//2824 1755//2825 
f 1753//2824 1361//2824 1363//2826 
f 1753//2824 1366//2823 1362//2825 
f 1362//2825 1361//2824 1753//2824 
f 1363//2826 1754//2826 1753//2824 
f 1358//2827 1756//2827 1758//2828 
f 1358//2827 1360//2829 1757//2829 
f 1757//2829 1756//2827 1358//2827 
f 1754//2826 1363//2826 1359//2828 
f 1359//2828 1358//2827 1754//2826 
f 1355//2830 1759//2830 1761//2831 
f 1759//2830 1355//2830 1357//2832 
f 1357//2832 1760//2832 1759//2830 
f 1757//2829 1360//2829 1356//2833 
f 1356//2833 1355//2830 1757//2829 
f 1357//2832 1765//2834 1764//2835 
f 1357//2832 1762//2836 1765//2834 
f 1762//2836 1353//2836 1354//2837 
f 1762//2836 1357//2832 1352//2838 
f 1352//2838 1351//2839 1762//2836 
f 1351//2839 1353//2836 1762//2836 
f 1354//2837 1763//2840 1762//2836 
f 1349//2841 1766//2841 1768//2842 
f 1766//2841 1349//2841 1346//2843 
f 1346//2843 1767//2843 1766//2841 
f 1763//2840 1354//2837 1350//2842 
f 1350//2842 1349//2841 1763//2840 
f 1346//2843 1558//2844 1772//2844 
f 1772//2844 1767//2843 1346//2843 
f 1772//2844 1769//2844 1767//2843 
f 1768//2842 1763//2840 1349//2841 
f 1764//2835 1760//2832 1357//2832 
f 1761//2831 1757//2829 1355//2830 
f 1758//2828 1754//2826 1358//2827 
f 1755//2825 1751//2823 1366//2823 
f 1752//2822 1748//2819 1364//2821 
f 1749//2820 1745//2817 1372//2817 
f 1746//2816 1742//2814 1370//2815 
f 1743//2813 1739//2811 1378//2811 
f 1740//2810 1736//2808 1381//2808 
f 1737//2807 1733//2805 1379//2806 
f 1734//2804 1730//2802 1382//2803 
f 1731//2801 1726//2799 1385//2800 
f 1727//2794 1723//2791 1394//2791 
f 1724//2790 1720//2786 1392//2788 
f 1721//2785 1717//2781 1395//2783 
f 1718//2780 1714//2776 1398//2778 
f 1715//2774 1711//2771 1406//2771 
f 1712//2770 1708//2766 1404//2768 
f 1709//2764 1705//2761 1412//2761 
f 1706//2760 1702//2756 1410//2758 
f 1703//2755 1699//2750 1413//2753 
f 1700//2751 1696//2746 1418//2752 
f 1697//2745 1693//2741 1419//2743 
f 1694//2740 1691//2737 1422//2738 
f 1690//2735 1688//2733 1426//2736 
f 1689//2731 1685//2728 1432//2728 
f 1686//2726 1682//2723 1435//2723 
f 1683//2721 1679//2718 1438//2718 
f 1680//2716 1676//2713 1441//2713 
f 1677//2711 1674//2709 1443//2709 
f 1674//2709 1672//2707 1442//2707 
f 1673//2705 1669//2702 1448//2702 
f 1670//2700 1666//2697 1451//2697 
f 1667//2695 1663//2692 1454//2692 
f 1664//2691 1660//2687 1452//2689 
f 1661//2685 1657//2682 1460//2682 
f 1658//2680 1654//2677 1463//2677 
f 1655//2676 1651//2672 1461//2674 
f 1652//2671 1648//2667 1464//2669 
f 1649//2666 1645//2662 1467//2664 
f 1646//2661 1642//2657 1470//2659 
f 1643//2656 1639//2652 1474//2654 
f 1640//2651 1635//2648 1477//2649 
f 1636//2642 1631//2640 1483//2637 
f 1632//2634 1628//2630 1487//2630 
f 1629//2631 1626//2620 1490//2627 
f 1625//2626 1622//2612 1494//2619 
f 1621//2618 1618//2606 1498//2611 
f 1616//2610 1615//2597 1501//2605 
f 1613//2604 1614//2590 1505//2602 
f 1506//2592 1505//2602 1614//2590 
f 1605//2588 1604//2576 1512//2583 
f 1603//2582 1600//2569 1516//2575 
f 1597//2574 1599//2561 1519//2573 
f 1520//2564 1519//2573 1599//2561 
f 1524//2556 1523//2566 1596//2553 
f 1528//2549 1527//2558 1592//2547 
f 1531//2543 1530//2551 1588//2541 
f 1534//2536 1533//2545 1585//2533 
f 1538//2529 1537//2538 1582//2527 
f 1541//2523 1540//2531 1578//2521 
f 1544//2518 1543//2525 1575//2516 
f 1568//2514 1567//2504 1549//2509 
f 1564//2508 1566//2498 1552//2503 
f 1562//2502 1560//2496 1555//2496 
f 1561//2494 919//2845 922//2492 
o mesh30
f 1771//2846 1558//2846 1348//2846 
f 1348//2846 1347//2846 1771//2846 
f 1347//2846 926//2846 1771//2846 
o mesh31
f 1771//2847 925//2847 1770//2847 
f 1770//2847 1769//2847 1771//2847 
o mesh32
f 1771//2848 1769//2848 1772//2848 
f 1772//2848 1558//2848 1771//2848 
